post_id,text,creator,likes,reposts,replies,links,hashtag,indexed_at,search_query
3lo33h25uyk23,"üåü Join the ‚≠êÔ∏èTemu Affiliate Program‚≠êÔ∏è today and unlock incredible earning potential! üåü
It's easy to get started: üëâ Click here to join: temu.to/m/edcxg9o9x9r or search ""inf44560"" to get started now!

#TemuAffiliate #EarnMoney #AffiliateMarketing #OnlineIncome #PassiveIncome #SideHustle #EarnWithTemu",digitalworldpsp.bsky.social,0,0,0,https://temu.to/m/edcxg9o9x9r,earnmoney,,#earnmoney
3lo32xuyy4k22,We waited patiently for the Reaganomics trickle down. It‚Äôs time for the elite to prove they love this country and its slave labor citizens. Universal basic income might be a tool worth considering. #earnmoney #inflation #economy #money,damienhalme.bsky.social,0,0,0,,earnmoney,,#earnmoney
3lo2gt2qeduz2,"Join me on MIRL üåê the world‚Äôs first social app where you can instantly video-call üì≤ and consult influencers and experts. AND you can share your own expertise and earn via consultations too! üíºüí∏

Use my exclusive MIRL invite code SEB001 to download the app and unlock your account! MIRL you soon! üëã [‚Ä¶]",seb-tmg.mastodon.cosmicnation.co.ap.brid.gy,0,0,0,,earnmoney,,#earnmoney
3lnradrdra62x,#crypto #earnmoney #makemoney,tdlcoop.bsky.social,0,0,0,,earnmoney,,#earnmoney
3lnnl4kekes23,Ysense Earning Website ‚Äì Legit Way to Make Money Online online-earningtips-0.kesug.com/ysense-earni... #earnwithbitcoin #EarnMoney #EarnedEveryDay #EarningswithETNOW #Earncrypto #earnextraincome #Earningsday #onlineearningopportunity #onlinestore #OnlineMarketing,shifakha.bsky.social,0,0,0,,earnmoney,,#earnmoney
3lnf3lxhuy222,"Poor Cow‚Äôs Money Quest! Epic Fruit Delivery Adventure Full of Challenges and Fun
www.youtube.com/watch?v=6nTa...
#PoorCow, #FruitDelivery, #AnimalAdventure, #FarmQuest, #CowJourney, #EarnMoney, #EpicAdventure, #FunnyAnimals, #FarmLife, #CowMission,",dreamydinosaurs12.bsky.social,0,0,0,https://www.youtube.com/watch?v=6nTacZPGM88,earnmoney,,#earnmoney
3lnevk7msfk2r,"Poor Cow‚Äôs Money Quest! Epic Fruit Delivery Adventure Full of Challenges and Fun
www.youtube.com/watch?v=6nTa...
#PoorCow, #FruitDelivery, #AnimalAdventure, #FarmQuest, #CowJourney, #EarnMoney, #EpicAdventure, #FunnyAnimals, #FarmLife, #CowMission",dreamydinosaurs.bsky.social,0,0,0,https://www.youtube.com/watch?v=6nTacZPGM88,earnmoney,,#earnmoney
3lndwywyjnc2s,"Russell Brunson just partnered with us‚Ä¶

Our digital product training is DONE.
No ads. Just free traffic, email, and WhatsApp.
Registration opens in a few days. Be ready.

#RussellBrunson #DigitalProducts #FreeTraffic #EmailMarketing #OnlineBusiness #marketing #earnmoney #fyp #makemoneyonline #money",trendify23.bsky.social,0,0,0,,earnmoney,,#earnmoney
3ln73uomezk2f,"linktr.ee/xpugur

#earnonline¬†#earnmoney¬†#onlineearning¬†#onlineearningapp¬†#onlineearningmoney¬†#onlinemoney¬†#IncomeChallenge¬†#incomeonline¬†#earningapp¬†#Honeygain¬†#iproyal¬†#earnapp¬†#moneymakin¬†#EarnFromHome¬†#profit #Marketing #work #earncash #US #usa #affiliatemarketing #AffiliateMarketing2025",xpugur.bsky.social,0,0,0,https://linktr.ee/xpugur,earnmoney,,#earnmoney
3ln73r36gxs2f,"www.packetshare.io?code=D5653A2...

#earnonline¬†#earnmoney¬†#Online¬†#onlineearning¬†#onlineearningapp¬†#onlineearningmoney¬†#onlinemoney¬†#IncomeChallenge¬†#incomeonline¬†#earningapp¬†#Honeygain¬†#iproyal¬†#earnapp¬†#moneymakin¬†#EarnFromHome¬†#profit #Marketing #work #earncash #US #usa #affiliatemarketing",xpugur.bsky.social,0,0,0,https://www.packetshare.io/?code=D5653A25C808E327,earnmoney,,#earnmoney
3ln73ne7jok2f,"mystnodes.co?referral_cod...

#earnonline¬†#earnmoney¬†#Online¬†#onlineearning¬†#onlineearningapp¬†#onlineearningmoney¬†#onlinemoney #earningapp¬†#Honeygain¬†#iproyal¬†#earnapp¬†#moneymakin¬†#EarnFromHome¬†#profit #Marketing #work #earncash #US #usa #affiliatemarketing #affiliatemarketingtips",xpugur.bsky.social,0,0,0,https://mystnodes.co/?referral_code=jROwMfk53qJ97KSVBCQobhdqTPxis4QhA15haIDj,earnmoney,,#earnmoney
3lmmawhkv7k2z,"traffmonetizer.com?aff=1964
bytelixir.com/r/JSJWQVX9SNP3
earn.fm/ref/XPUG02OG
link.repocket.com/UrS1
pawns.app?r=xpugur

¬†#income¬†#earn¬†#earning¬†#passiveincomeideas¬†#PassiveEarnings¬†#passiveincomeonline¬†#PassiveIncomeOpportunity¬†#earnonline¬†#earnmoney¬†#online¬†#onlineearning¬†#onlineearningapp",xpugur.bsky.social,0,0,0,"https://traffmonetizer.com/?aff=1964, https://bytelixir.com/r/JSJWQVX9SNP3, https://earn.fm/ref/XPUG02OG, https://link.repocket.com/UrS1, https://pawns.app/?r=xpugur",earnmoney,,#earnmoney
3lmm7gmtekk2z,"linktr.ee/xpugur
traffmonetizer.com?aff=1964
bytelixir.com/r/JSJWQVX9SNP3
link.repocket.com/UrS1
www.packetshare.io?code=D5653A2...
earnapp.com/i/cs2dmec

#passiveincome¬†#passiveincome ¬†#income¬†#earn¬†#earning¬†#passiveincomeideas¬†#PassiveEarnings¬†#earnonline¬†#earnmoney¬†#online¬†#onlineearning",xpugur.bsky.social,0,0,0,"https://linktr.ee/xpugur, https://traffmonetizer.com/?aff=1964, https://bytelixir.com/r/JSJWQVX9SNP3, https://link.repocket.com/UrS1, https://www.packetshare.io/?code=D5653A25C808E327, https://earnapp.com/i/cs2dmec",earnmoney,,#earnmoney
3lmlysp5gbc2v,"Make Money Online 2025: Top Digital Platforms
Read this article trendingbaat.com/make-money-o...
#digitalplatforms #earnmoney #online #stockmarket #tariifwar",trendingbaat.bsky.social,0,0,0,https://trendingbaat.com/make-money-online-2025-digital-platforms/,earnmoney,,#earnmoney
3lm2tqdaf5c2l,"What if I told you you could earn 7 streams of income with NO inventory and no hassles...

#AffiliateMarketing #PassiveIncome #WorkFromHome #OnlineBusiness #EarnMoney #SideHustle #FinancialFreedom #MakeMoneyOnline #AffiliateIncome",earningmoneyonline.bsky.social,0,0,0,,earnmoney,,#earnmoney
3llzhb275ys2y,"Want to know which is the best suitable website for AdSense approval?

We‚Äôve explored the top website types, smart niche ideas, and essential approval checklists to get you monetized faster in 2025.

www.izoate.tech/blog/what-ty...

#izoatetech #howto #tech #earnmoney #googleadsense",izoatetech.bsky.social,0,0,0,https://www.izoate.tech/blog/what-types-of-websites-are-suitable-for-google-adsense-in-2025/,earnmoney,,#earnmoney
3llx4onkpes2d,"üì£ Calling all crypto enthusiasts! üì£
Become a P2P merchant on BingX and unlock lucrative opportunities! üí∞ Earn by facilitating crypto transactions in your local currency. Enjoy secure and a user-friendly platform.
Ready to start? bingx.com/partner/Merc...
#BingX #P2P #Crypto #Merchant #EarnMoney",bingxpolska.bsky.social,0,0,0,https://bingx.com/partner/MerchantApplication/0uvF5n,earnmoney,,#earnmoney
3llsplhtnh22o,"The ""Billionaire Brain Wave"" refers to a concept or program that uses specific audio frequencies, particularly theta waves, to influence brain activity, potentially attract wealth, improve relationships, and enhance cognitive function.
thebillionairewavee.com ,

#howtomakemoney #earning #earnmoney",janniferrlouis.bsky.social,0,0,0,https://thebillionairewavee.com/,earnmoney,,#earnmoney
3llh44hxauc2f,VivaMk Networking U.K. #online #business #onlinebusiness #parttime #workfromhome #together #worklifebalance #earnmoney #earnextraincome #vivamk #vivamknetwork #vivamksuccess #joinme #joinmyteam ‚ù§Ô∏è #aray,vivamk.bsky.social,0,0,0,,earnmoney,,#earnmoney
3ll4ip7ybn22k,"üé¶Overtake Social Campaign 
üéÅGet 4000 AP > Reward (For All User)
‚û°Ô∏èEvent Link :- game.overtake.world?referralCode...
 
‚û°Ô∏èRefer Code:- 8483e18
‚Ä¢Bind Wallet > Refer Code 
‚Ä¢Click 3 Dot ~ Earn > Quest
‚Ä¢Complete All Task
‚Ä¢Done

#Airdrop #cryptocurrency #Solana #binance #earnmoney #bitcoin #earrings #SUI",juissynft.bsky.social,0,0,0,https://game.overtake.world?referralCode=8483e18,earnmoney,,#earnmoney
3ll2vxuo6u22p,"Only works if you take action!

Linktr.ee/colleenmac

#sidehustle  #sidehustleforbeginners  #earnmoney",colleensahm.bsky.social,0,0,0,https://Linktr.ee/colleenmac,earnmoney,,#earnmoney
3lkzytieukc2t,#AffiliateMarketing #MakeMoneyOnline #DigitalMarketing #PassiveIncome #Entrepreneur #RemoteWork #EarnMoney #OnlineBusiness #SideHustle #WorkFromAnywhere,neosferaconsulting.bsky.social,0,0,0,,earnmoney,,#earnmoney
3lkyqfrz3tk2g,#MoneyLion #Money #Cashback #Investing #EarnMoney #MoneyMakingTips #MoneySavingIdeas #SideHustle #PassiveIncome #Finance #Budgeting #WealthBuilding #FinancialFreedom #MakeMoneyOnline #Banking #Crypto #FinTech #Savings #Loan #CreditScore #Referral #Promo #WaysToMakeMoneyOnline,thecosmicwizard.bsky.social,0,0,0,,earnmoney,,#earnmoney
3lktawpc3ds25,"Don‚Äôt Let This Economy Keep You Stuck!
If you‚Äôre sick of struggling, waiting for things to get better isn‚Äôt a solution. You need to take control now.
üí∞Learn how you can start building financial stability.
üîóhttps://form.jotform.com/250355675046863

#FinancialSecurity #BetterFuture #EarnMoney",dweller.bsky.social,0,0,0,,earnmoney,,#earnmoney
3lkpqxm6jns2c,"üíâ Earn $1200 with the BioLife New Donor Coupon 2025! Save lives, make money, and enjoy a quick, easy process. Learn how to maximize this offer and start earning today. ü©∏ #BioLifePlasma #BioLifeCoupon #EarnMoney #PlasmaDonation #BioLife2025

üëâ www.biolifecoupon.com/biolife-new-...",plasmapaychart.bsky.social,0,0,0,https://www.biolifecoupon.com/biolife-new-donor-coupon-1200/,earnmoney,,#earnmoney
3lknjkzvybk2v,"üíÄ$XOS First Solana L2 Project 
Funding $55Million

üëâJoin Link:- X.ink/OX0CVT
ü¶äConnect Metamask üïäConnect Twitter &ü§ñ Discord 
‚úÖCheck in DailyüòèBind Your Solana Address (From Phantom)
‚úÖMore Points, More $XOS Coin

#Airdrop #Binance #cryptocurrency #Testnet #bitcoin #earnmoney #Solana",juissynft.bsky.social,0,0,0,https://X.ink/OX0CVT,earnmoney,,#earnmoney
3lklnshilyn24,üéÅ Get free gift cards for discovering things online with Swagbucks. Try it out and start earning rewards today! üíµ‚ú® #Swagbucks #EarnRewards #FreeGiftCards #DiscoverOnline #RewardProgram #EarnMoney #OnlineRewards #GiftCardFun #StartEarning #CashIncentives,lwrestoration.bsky.social,0,0,0,,earnmoney,,#earnmoney
3lkkzfomyls2x,"Bio for Bluesky (BSky):

üíâ Earn up to $900 with BioLife Coupon and Promo Codes 2025! New donors, returning donors‚Äîeveryone wins. Save lives, earn cash, and make a difference. ü©∏üí∏ #BioLifePlasma #BioLifeCoupon #EarnMoney #PlasmaDonation #BioLifePromo
üëâ www.biolifecoupon.com",plasmapaychart.bsky.social,0,0,0,https://www.biolifecoupon.com/,earnmoney,,#earnmoney
3lkkmjcn4fk2l,"$600 in just 3 plasma donations with BioLife Coupon600! üí∏ Save lives, make money, and enjoy a quick, easy process. Learn how to maximize this offer and start earning today. ü©∏ #BioLifePlasma #BioLifeCoupon #EarnMoney #PlasmaDonation #BioLifePromo
www.biolifecoupon.com/biolife-coup...",plasmapaychart.bsky.social,0,0,0,https://www.biolifecoupon.com/biolife-coupon-600-in-3-donations/,earnmoney,,#earnmoney
3lkim56yktc2u,"Leg direkt Los!
Ratgeber, Werbematerial und Co. gibt es obendrauf!

und das komplett kostenlos!!

affiliate.cbd-hexe.de/create-account
#affiliate #earnmoney #forfree",cbdhexe.bsky.social,0,0,0,https://affiliate.cbd-hexe.de/create-account,earnmoney,,#earnmoney
3lk7nvhszz22e,"TopSurveys is a new survey site where you won't get disqualified! Earn cash and gift cards for your opinions, with instant payouts. $$$

www.surveypolice.com/topsurveys

#paidsurveys #makemoneyonline #surveysites #surveysthatpay #surveysforcash #surveysformoney #earnonline #earnmoney #makemoney",surveypolice.bsky.social,0,0,0,https://www.surveypolice.com/topsurveys,earnmoney,,#earnmoney
3lk7bz3trjc2l,Check out @wds37.bsky.social profile on www.lokdx.com #socialmedia #nsfwartist #earnmoney #legalcontent #illustrativeart,lokdx.bsky.social,0,0,0,https://www.lokdx.com,earnmoney,,#earnmoney
3lk6t7pjcsc2t,9-to-5 doesn't define me; my side hustle does! üöÄ #sidehustle #earnmoney #earnmore,kickengage.bsky.social,0,0,0,,earnmoney,,#earnmoney
3lk4jk743fk2t,"Turn Live Events Into Cash üí∞
I made money off #ChampionsTrophy2025 without even leaving my couch.
Yes, while watching the game. üì±üèÜ
Want to know how? Steal my playbook here:
üîó shorturl.at/8lCl6 #makemoneyonline #makemoneyblogging #sidehustle #earnmoney",kickengage.bsky.social,0,0,0,https://shorturl.at/8lCl6,earnmoney,,#earnmoney
3ljzxx275uk2x,"üí∞ Get $750 to Your Cash Account! üí∞

Shop, play, and earn rewards effortlessly! üéâ Complete simple tasks and claim $750 in your cash account today!
Start now üëâ flavorfusionrecipes.recipes/get-750-to-y...
#EarnMoney #CashRewards #ShopAndPlay #GetPaid",flavorfusionrecipe.bsky.social,0,0,0,https://flavorfusionrecipes.recipes/get-750-to-your-cash-account-shop-play-earn-rewards/,earnmoney,,#earnmoney
3ljmoy7ddkc2m,"Earn $600 in just 3 plasma donations with BioLife Coupon 2025! üí∏ Save lives, make money, and enjoy a quick, easy process. Learn all about this amazing offer and how to get started. ü©∏ #BioLifeCoupon #PlasmaDonation #EarnMoney #SaveLives #BioLife2025

üëâ www.biolifecoupon.com",plasmapaychart.bsky.social,0,0,0,https://www.biolifecoupon.com/,earnmoney,,#earnmoney
3ljemwzzc622i,What do you think? carihargamurah.com/gamehag/ #Gamehag #EarnMoney #GamingCommunity #OnlineEarnings #GameRewards #PlayToEarn #GamingOpportunities #FinancialFreedom #2025Goals #GamehagJourney,rikakaterina.bsky.social,0,0,0,https://carihargamurah.com/gamehag/,earnmoney,,#earnmoney
3lja2wpqsqk22,"‚Äã
#adonearth #money #invest #cash #wealth #profits #stocks #fintech #trading #crypto #financialfreedom #investor  #passiveincome #earnmoney #futureinvestment #startup #extraincome #metaverse #trending #passiveincome #realestate #realtor #marketing #affiliate #fashion #instagood #insta #picoftheday",adonearth.bsky.social,0,0,0,,earnmoney,,#earnmoney
3lj5tuvwnhr27,"#EarnMoney from #Amazon at Home: Ultimate Guide for Success 

#SideHustle
#MakeMoney 
search.app/mXGu",sidehustlefacts.bsky.social,0,0,0,https://search.app/mXGu,earnmoney,,#earnmoney
3lj335xpixc2m,"Subscribe Zeeglobalvision (Knowledge) For Informative Educational Knowledge about Finance, Management, Investments and Much More.
Video Link ‚ñ∫ youtu.be/-3c8_1SddXY

#earnmoney #earnmoneyonline #money #unitedstates",zglobalvision.bsky.social,0,0,0,https://youtu.be/-3c8_1SddXY,earnmoney,,#earnmoney
3lilrfzgous2w,"ADONEARTH is now in Rwanda! üá∑üáº‚Äã
‚Äã
Register for free www.adonearth.com üìç‚Äã
‚Äã
#adonearth #rwanda #kigali #butare #gisenyi #byumba #nyanza #vibes #investment #digitalland #profit #explore #instagood #cryptoworld  #online #nft #technology #digitalworld #earnmoney #newproject #digitalage",adonearth.bsky.social,0,0,0,https://www.adonearth.com,earnmoney,,#earnmoney
3ligpmhurv22a,"**üí∞ Earn $300 GUARANTEED! üöÄ**  

üîπ **Sign up on GuardianT** üîó  
üîπ **Install the extension** üñ•Ô∏è  
üîπ **Earn points & get paid!** üéÅüíµ  

üî• **TGE Coming Soon ‚Äì Don‚Äôt Miss Out!**  

Start now! ‚¨áÔ∏è  
üîó [ app.gradient.network/signup?code=... ]  

#EarnMoney #Crypto #PassiveIncome #GuardianT #Airdrop üöÄ",shanu118.bsky.social,0,0,0,https://app.gradient.network/signup?code=S696DJ,earnmoney,,#earnmoney
3lhzikhks4p2l,#passiveincome #sidehustle #swimmingpool #earnmoney,poolrental.xyz,0,0,0,,earnmoney,,#earnmoney
3lhynufauoc2p,Have you been wanting to earn money online? Look no further! Profit Pulse can help you get started with affiliate marketing and start making money today. Learn more about this amazing opportunity and take your income to the next level. #makemoneyonline #earnmoney #affiliatemarketing,nickdium.bsky.social,0,0,0,,earnmoney,,#earnmoney
3lhsrm3fxv22n,"‚Ä¢ getgrass.io earn crypto with your internet connection ü§©

‚Ä¢ Generate passive income simply by selling a resource that you own but don't use to the full.

‚Ä¢ Join and start earning ‚û°Ô∏è  app.getgrass.io/register/?re...

#GetGrass #Grass #Airdrops #Crypto #DePIN #PassiveIncome #Rewards #Web3 #earnmoney",cryptovicr.bsky.social,0,0,0,"https://getgrass.io, https://app.getgrass.io/register/?referralCode=fNVQovvfnwBxGRX",earnmoney,,#earnmoney
3lhbxou6gps2b,"Don‚Äôt spend a dime on expensive software.
Here's how to make YouTube-grade animation for FREE üé¨üëá #tech #lifehacks #AI #deeplearning #youtube #AIart #aIvoice #AIfilm #stories #wrtitng #creation #earnmoney #money #craft #hobbies #animation",byt3muse.bsky.social,0,0,0,,earnmoney,,#earnmoney
3lhbxhcg75k2b,30 AI tools could help you earn money. Tech Tips! #money #earnmoney #tech #AI #deeplearning #artificialintelligence  #lifehacks #creative #art #music #stories #writing,byt3muse.bsky.social,0,0,0,,earnmoney,,#earnmoney
3lhbqbhefys22,#getgrass #grass #airdrops #airdrop #crypto #rewards #web3 #earnmoney #passiveincome #touchgrass #revenuepassif #referral #parrainage #earn #crypto #cryptocurrency #cryptomonnaie #depin #node,cryptovicr.bsky.social,0,0,0,,earnmoney,,#earnmoney
3lhaxsbmv7c2i,"‚ú® What can you do?‚Äã
‚Äã
üîπYou can highlight your brand on the bustling streets of Almaty.‚Äã
üîπYou can create a digital space among the modern buildings of Astana.‚Äã
üîπYou can make a long-term investment by buying Kazakhstan's digital land.‚Äã
‚Äã
 #online #technology #digitalworld #earnmoney",adonearth.bsky.social,0,0,0,,earnmoney,,#earnmoney
3lh6trhvrsa2k,"9 Proven Ways to Make Money Online
#MakeMoneyOnline #OnlineIncome #WorkFromHome #SideHustle #PassiveIncome #EarnMoney #FinancialFreedom #DigitalNomad #OnlineBusiness #MoneyMakingIdeas #EntrepreneurLife #RemoteWork #OnlineOpportunities #WealthBuilding #InternetIncome #HomeBasedBusiness #Freelancing‚Ä¶",responix.bsky.social,0,0,0,,earnmoney,,#earnmoney
3lh4eq6mvvs2r,"How to turn your tech hobby into active income with freelancing, blogging, consulting, and more. Start making money doing what you love today!
incomesmag.com/how-to-turn-...
----------
#techhobby #activeincome #wealthcare #earnmoney #earnings #income #incomestreams #wealthmanagement #wealthmindset",incomesmag.bsky.social,0,0,0,https://incomesmag.com/how-to-turn-your-tech-hobby-into-active-income/,earnmoney,,#earnmoney
3lh36d24rjs2w,"Èå¢SirÂÖ•ÊàëÂÆ∂ÈñÄ.Lucky snake year_moneys comes to me.  Lucky snake year design 
www.teepublic.com/t-shirt/7176...

#stockmarket #lunarnewyear #stockmarketnews  #money
#earnmoney #taiwan #Stock #businese",minih.bsky.social,0,0,0,https://www.teepublic.com/t-shirt/71760288-lucky-snake-year_lunar-new-year,earnmoney,,#earnmoney
3lh2fhk257k2x,"WriteAppReviews.com: Get Paid to Review Apps on Your Phone ‚Äì Earn Money Easily!
Turn your love for apps into cash with WriteAppReviews.com! This innovative platform lets you get paid for reviewing your favorite apps right from your phone
WriteAppReviews #GetPaidToReview #EarnMoney

da.gd/DDakEO",e-business.bsky.social,0,0,0,"https://WriteAppReviews.com, https://WriteAppReviews.com, https://da.gd/DDakEO",earnmoney,,#earnmoney
3lgxyclicek2r,#crypto #memecoin #blockchain #trump #usdt #usdtflash #flashusdt #tether #tetherflash #flashtether #btc #flashbtc #bitcoinflash #cryptoflash #forex #trade #usdc #money #earnmoney,usdtflash.bsky.social,0,0,0,,earnmoney,,#earnmoney
3lgxigftxwx2k,"9 Proven Ways to Make Money Online
#MakeMoneyOnline #OnlineIncome #WorkFromHome #SideHustle #PassiveIncome #EarnMoney #FinancialFreedom #DigitalNomad #EntrepreneurLife #OnlineBusiness #MoneyMakingIdeas #RemoteWork #OnlineJobs #IncomeStreams #WealthBuilding #BusinessOpportunities #Freelancing‚Ä¶",responix.bsky.social,0,0,0,,earnmoney,,#earnmoney
3lgv33kmyyc2p,"I get to live my life on my terms.  Work when I want, and play when I want.  Who could ask for more? ‚ù§Ô∏è   

#OnlineBusiness #SideGig #WorkAtHomeMom #SideGig #BestBossEver #EarnMoney #Entrepreneur #LinkInBio",lynnhuber.bsky.social,0,0,0,,earnmoney,,#earnmoney
3lgqiggnbhm2y,"Free Gift Card Giveaway

Link in Bio

#GiftCard
#GiftIdeas
#CashPrize
#MoneyMatters
#MakeMoneyOnline
#EarnMoney
#PassiveIncome
#GiftLove
#CashFlow
#MakeMoneyFast
#GiftOfChoice
#TrendingNow
#ViralContent
#MakeItRain
#WorkFromHome
#SaveAndInvest
#CryptoGains
#GiftGuide
#MakeMoneyWithMe
#HustleHard",santana871.bsky.social,0,0,0,,earnmoney,,#earnmoney
3lgljz5g2yc25,"Gods greatest creation is you | @newtiative.bsky.social 

#motivation #entrepreneur #business #Innovation #future #money #investing #inspiration  #newtiative #growth #growthmindset #quotes #time #timeismoney #learning #earnmoney #valueyourtime

Learn from Founders. Invest wisely.",newtiative.bsky.social,0,0,0,,earnmoney,,#earnmoney
3lgljllme5c2r,"#Fundraiser #Fundraising
#Nonprofit #Charity #tpu #RNnet
#MakeMoney #EarnMoney
#SideHustle #Income #FinancialGoals #FinancialFreedom
#MoneyMoves #FinancialIndependence #HustleHard
#Grind #Motivation
#Success
#MillionaireMindset",thepowerofu.bsky.social,0,0,0,,earnmoney,,#earnmoney
3lgiyryrjtc2i,"2025 is for the girlies!
Learn how to make üí∞ from your üì≤ skip a ‚òïÔ∏è trip and invest in a business. Access over 400+ streams of income Bring your girls along! Check ‚Äústart a business off the affirmation list üíÖüèΩin sis‚Äù #girlies #sis #wfh #earnmoney #digitalmarketing #contentcreator #explore",melrose33.bsky.social,0,0,0,,earnmoney,,#earnmoney
3lg4ebu725c2t,"10 inspiring real-life stories of people who built wealth through passive income strategies and financial freedom.
incomesmag.com/10-real-stor...
----------
#passiveincome #realstories #wealthmanagement #profit #earnmoney",incomesmag.bsky.social,0,0,0,https://incomesmag.com/10-real-stories-of-people-made-money-with-passive-income/,earnmoney,,#earnmoney
3lfycyqvxzc2r,"Review of Buff Game - Get paid for sharing your gaming data, supports all the top #pcgames

#crypto #bitcoin #blockchain #gaming #gamers #playgames #earnmoney #bnb #btc #trx #eth #solana

bitcoinblogger.me/buff-gaming-...",bitcoinblogger.bsky.social,0,0,0,https://bitcoinblogger.me/buff-gaming-play-top-desktop-games-and-earn-cold-hard-cash,earnmoney,,#earnmoney
3lfq7pmkih42s,"Normalize learning a high income skills like trading 

You will earn life changing money in few months ..

START NOW!!

#earnmoney #binarytrade #forextrader #earnmoneyonline #workonline #southcarolina #millionairemindset #crytocurrency #winner #goals #india #forextrading #france #Binance",graciegilber.bsky.social,0,0,0,,earnmoney,,#earnmoney
3lfkwjazqik2n,"I get to live my life on my terms.  Work when I want, and play when I want.  Who could ask for more? ‚ù§Ô∏è 
‚Å™
#OnlineBusiness #SideGig #WorkAtHomeMom #BeautyBoss #BestBossEver #EarnMoney #Entrepreneur #LinkInBio",lynnhuber.bsky.social,0,0,0,,earnmoney,,#earnmoney
3lfhlq22h4s2h,"‚Ä¢ Earn crypto with your internet connection ü§© $GRASS     

‚Ä¢ Generate passive income simply by selling a resource that you own but don't use to the full.        

‚Ä¢ Join and start earning    ‚û°Ô∏è   app.getgrass.io/register/?re...

#Grass #Airdrops #Crypto #Rewards #Web3 #EarnMoney #PassiveIncome",cryptovicr.bsky.social,0,0,0,https://app.getgrass.io/register/?referralCode=fNVQovvfnwBxGRX,earnmoney,,#earnmoney
3lf3svhjkjk2t,"With ProTrainings you can promote our video online training and earn 40% commission, it‚Äôs feee to set up and no commitment.  Add links to your sites and earn. 

Want to know more? Contact us 01206 805359  support@protrainings.uk  www.protrainings.uk 

#earnmoney #money #training #commission #income",protrainings.bsky.social,0,0,0,https://www.protrainings.uk,earnmoney,,#earnmoney
3ler6twazjp2h,"I Earn $11,110.00 Every Month From Multiple Sources Of Passive Income.

#PassiveIncome #FinancialFreedom #MultipleStreams #EarnMoney #SideHustle #WealthBuilding #IncomeGoals #MoneyMindset #FinancialIndependence #EntrepreneurLife
https://go.crystalwi...",crystalwind.bsky.social,0,0,0,https://go.crystalwind.ca/loa,earnmoney,,#earnmoney
3lem4iuoap22o,"EarnKaro Referral Code - Earn Money By Sharing Shopping Deals

www.couponkidukaan.com/2024/12/earn...

#earnkaro #referralcode #earnmoney #affiliate #marketing",rehanofficial.bsky.social,0,0,0,https://www.couponkidukaan.com/2024/12/earnkaro-referral-code.html,earnmoney,,#earnmoney
3lel2jhvtwk2g,"Don't let it slip away | @newtiative.bsky.social 

#motivation #entrepreneur #business #Innovation #future #money #investing #inspiration #newtiative #growth #growthmindset #quotes #time #timeismoney #learning #earnmoney #valueyourtime

Learn from Founders. Invest wisely. Achieve financial freedom.",newtiative.bsky.social,0,0,0,,earnmoney,,#earnmoney
3lejuskzmq22r,"üéâ Want to earn rewards on TikTok? üí∞ It's super easy! Invite a friend to join TikTok, and you could earn $70 in rewards! üôå‚ú®Don‚Äôt miss out ‚Äì it‚Äôs time to share the fun & get rewarded! üíÉüì± #TikTokRewards #InviteAFriend #TikTokPromo #EarnMoney 
#TikTok  www.tiktok.com/t/ZP8F1jnEW/",lavandamichelle.bsky.social,0,0,0,https://www.tiktok.com/t/ZP8F1jnEW/,earnmoney,,#earnmoney
3lehl3uboh22p,"medium.com/luminasticit...
As a writer who writes things that people who read things will read it is up to me to be a guiding light to other people less gifted, therefore I have made this list of tips for writers so you can learn to be awesome like me!
#writing #tips #business #earnmoney #editors",illuminati-ganga.bsky.social,0,0,0,https://medium.com/luminasticity/tips-for-writers-73fadb512681,earnmoney,,#earnmoney
3lef5egtddk2w,"globebuzznow.blogspot.com/2024/12/easy...
#earn #earnmoney",fahadchowdhury.bsky.social,0,0,0,https://globebuzznow.blogspot.com/2024/12/easy-ways-to-earn-money-for-free-start.html,earnmoney,,#earnmoney
3leckosouw22a,"Strategies For Exit Feature In Probo Probo

Share your opinions, earn rewards! Use my code vtpwsm for up to Rs 200 bonus. Download here: Probo #ProboCourse #ProboRefferalCode #Probo #Shiraverse #EarnMoney #Earnmoneyonline 

www.shiraverse.com/probo",shiraverse.com,0,0,0,https://www.shiraverse.com/probo,earnmoney,,#earnmoney
3le7fta6mtc2q,"How Taking an IQ Test Could Change Your Life: Discover Your Potential Today!

uberant.com/article/2071...

#potential #earnmoney #success #problemsolving #career #thinking #wealth #iqtest #personalgoals #growth",trendposts.bsky.social,0,0,0,https://uberant.com/article/2071531-how-taking-an-iq-test-could-change-your-life-discover-your-potential-today/,earnmoney,,#earnmoney
3le5kzl6lkc2q,"I get to live my life on my terms.  Work when I want, and play when I want.  Who could ask for more? ‚ù§Ô∏è 
‚Å™
#OnlineBusiness #SideGig #WorkAtHomeMom #SideGig #BeautyBoss #BestBossEver #EarnMoney #Entrepreneur #LinkInBio",lynnhuber.bsky.social,0,0,0,,earnmoney,,#earnmoney
3le5eghildc2h,"Don't let it slip away | @newtiative.bsky.social 

#motivation #entrepreneur #business #innovation #future #money #investing #inspiration #newtiative #growth #growthmindset #quotes #time #timeismoney #learning #earnmoney #valueyourtime 

Learn from Founders. Invest wisely. Achieve financial freedom.",newtiative.bsky.social,0,0,0,,earnmoney,,#earnmoney
3ldyhputjoc24,"TikTok Recharge Coins Free: 5 legitimate ways to earn without spending money: Discover 5 safe methods to earn free TikTok coins. Learn how to recharge your balance through challenges, referrals, and engagement. #TikTok #TikTokCoins #FreeCoins #SocialMedia #EarnMoney",ppc.land,0,0,0,,earnmoney,,#earnmoney
3ldwgxydd5s27,"Earn up to $1,500 in rewards! üí∞
Complete tailored offers (streaming, apps, games) and cash out via gift cards, PayPal, or direct deposit.

üåü Over $20M paid out already!

Start earning today!
üëâ tmtrcks.com/250393/1023

#ad #sponsored #earnmoney #giftcards #rewards #cashout #bluesky",iamaaronnetch.bsky.social,0,0,0,https://tmtrcks.com/250393/1023,earnmoney,,#earnmoney
3ldwgikvom227,"Earn up to $1,500 in rewards! üí∞
Complete tailored offers (streaming, apps, games) and cash out via gift cards, PayPal, or direct deposit.

üåü Over $20M paid out already!

Start earning today!
üëâ tmtrcks.com/250393/801

#ad #sponsored #BlueSky #UpLevelRewards #Rewards #EarnMoney #CashOut",iamaaronnetch.bsky.social,0,0,0,https://tmtrcks.com/250393/801,earnmoney,,#earnmoney
3ldsbhxtdwk2j,"How can I genuinely make money online?
za.gl/b2ZWs
#makemoneyonline #howtomakemoneyonline #earnmoneyonline #makingmoneyonline #makemoney #howtomakemoney #earnmoney #makemoneyonlinefast #waystomakemoneyonline #makemoneywebsites #onlineearning #howtoearnmoney",mahamid.bsky.social,0,0,0,https://za.gl/b2ZWs,earnmoney,,#earnmoney
3lo3hekays22x,"3 Keys Success  >>  bit.ly/4iMJa39

#makemoney #onlinebusiness #business #digital #internet #entrepreneurs #biz",learntoearnonline.bsky.social,0,0,0,https://bit.ly/4iMJa39,makemoney,,#makemoney
3lo2txlipxz2c,"Direct mail might feel expensive upfront... but real talk? Deals are still landing two years later.

Stack the pipeline now and watch the opportunities roll in long after you forgot you mailed it!

üëäüèª

#realestate #makemoney #entrepreneur #education",travisclaywells.bsky.social,0,0,0,,makemoney,,#makemoney
3lo2f3onrlc2d,"Do you want to #earn tremendous amounts of #money just for signing up for FREE #offers? It's FREE to sign up now on #Uniqpaid
üëá
shrsl.com/48k66
#offer #money #rewards #earn #getpaid #makemoney #onlinemoney #getrich #onlinejob #usa #canda",shoppingz1.bsky.social,0,0,0,https://shrsl.com/48k66,makemoney,,#makemoney
3lo2by4g6kc2z,"Get paid to stay home with your pets.  No more excuses, they've been waiting for you to be their full time employee anyways.  Take surveys, make money and be the best pet parent ever. Sign up now to start earning at www.acop.com/sign_up/?source=Blueskyhomepage&SSAID=606
#sidehustle #makemoney #pets",joinacop.bsky.social,0,0,0,https://www.acop.com/sign_up/?source=Blueskyhomepage&SSAID=606,makemoney,,#makemoney
3lnzywdjlfz2v,"Relationship capital is everything.

The more problems you can solve, the more doors you open.
Be the connector, add real value and watch the deals chase you.

#realestate #makemoney #entrepreneur #education",travisclaywells.bsky.social,0,0,0,,makemoney,,#makemoney
3lnyqqe553n27,#makemoney #money #earn,tdlcoop.bsky.social,0,0,0,,makemoney,,#makemoney
3lnyqqb277a25,#affiliatemarketing #workfromhome #makemoney,tdlcoop.bsky.social,0,0,0,,makemoney,,#makemoney
3lnydgf3mhj2v,Agents who understand investing bring real power to the table #makemoney #entrepreneur #education,travisclaywells.bsky.social,0,0,0,,makemoney,,#makemoney
3lnxxsv223c2p,"Feeling overwhelmed by the pace of AI and automation?
Me too.
But here‚Äôs the mindset that keeps me going:

‚ÄúIf you can lose, that means you can win.‚Äù
Business is a competitive sport. And that‚Äôs what makes it worth playing.
#makemoney #contentautomation",stephengpope.bsky.social,0,0,0,,makemoney,,#makemoney
3lnxxdc3nac2d,"Whats better than talking sh*t on social media? Getting paid for it! Answer surveys, get cash, and keep throwing shade from the comfort of your couch. Visit www.acop.com/sign_up/?source=Blueskyhomepage&SSAID=606 now to start earning

#onlinesidehustle #surveys #makemoney",joinacop.bsky.social,0,0,0,https://www.acop.com/sign_up/?source=Blueskyhomepage&SSAID=606,makemoney,,#makemoney
3lnxexus7om2h,"Most agents chase buyers and sellers‚Ä¶

We trained our entire team to think like investors too.

Now they know how to find deals, run ARVs, and bring opportunities straight to us.

That‚Äôs how you scale smart in today‚Äôs market.

#realestate #makemoney #entrepreneur #education",travisclaywells.bsky.social,0,0,0,,makemoney,,#makemoney
3lnwsbvqphk2t,"#Watch #MyVideos on #Onlyfans

onlyfans.com/makithappenof

Or #Become a #Pornstar #Model #MakeMoney #MakeCash
onlyfans.com?ref=471092738

I am also #Promoting #your #Onlyfans #Retweetforretweet

Allmylinks.com/makithappen",makitreal.bsky.social,0,0,0,"https://onlyfans.com/makithappenof, https://onlyfans.com/?ref=471092738, https://Allmylinks.com/makithappen",makemoney,,#makemoney
3lnvxzmcqim2g,"Will you own your city‚Äôs caffeine rush with ready-to-go espresso packets first?

#Startup #MakeMoney #CoffeeBusiness #ReadyToDrinkCoffee #EspressoShots #FoodInnovation",stankad.bsky.social,0,0,0,,makemoney,,#makemoney
3lnvswfan4u2w,"When it comes to land deals, it‚Äôs not about ARV or fancy formulas #makemoney #entrepreneur #education",travisclaywells.bsky.social,0,0,0,,makemoney,,#makemoney
3lnutc3kugv2i,"Wholetails move FAST when you build the right team.

30-day holds, 24-hour title searches, same-day closes ‚Äî it‚Äôs all about relationships.

Take care of your title company and lenders... they‚Äôll take care of your deals!

üëäüèª

#realestate #makemoney #entrepreneur #education",travisclaywells.bsky.social,0,0,0,,makemoney,,#makemoney
3lnskcaw2wk23,Have multiple exit strategies and know how to pivot fast #realestate #makemoney #entrepreneur #education,travisclaywells.bsky.social,0,0,0,,makemoney,,#makemoney
3lnqsznh7z52k,"Buying land? Don‚Äôt comp it like a house, value it lower #realestate #makemoney #entrepreneur #education",travisclaywells.bsky.social,0,0,0,,makemoney,,#makemoney
3lnqs2f7qq32g,"Turn your worn underwear into cash effortlessly! Xniffy offers secure sales, no fees, and fast payouts. Start earning today üëâ xniffy.com #MakeMoney #SideHustle",xniffy.bsky.social,0,0,0,,makemoney,,#makemoney
3lnqqsar4sc24,Cartoon rugs went from hobby to six-month waitlist‚Äîniche pays. #SideHustle #Handmade #Entrepreneur #SmallBiz #MakeMoney,stankad.bsky.social,0,0,0,,makemoney,,#makemoney
3lnqfgutuka2h,"Land deals scare most investors, too many unknowns #realestate #makemoney #entrepreneur #education",travisclaywells.bsky.social,0,0,0,,makemoney,,#makemoney
3lnocgp4fdh2y,Worried about double closing fees? #realestate #makemoney #entrepreneur #education,travisclaywells.bsky.social,0,0,0,,makemoney,,#makemoney
3lnnxhgqmrc2f,"Get paid to spill the tea about all of your favorite products.  Earn money taking surveys at www.acop.com/sign_up/?source=Blueskyhomepage&SSAID=606

#surveys #sidehustle #makemoney #onlinesidehustle #acop",joinacop.bsky.social,0,0,0,https://www.acop.com/sign_up/?source=Blueskyhomepage&SSAID=606,makemoney,,#makemoney
3lnnis7gaja2w,Want to spot land deals before anyone else? #makemoney #entrepreneur #education,travisclaywells.bsky.social,0,0,0,,makemoney,,#makemoney
3lnlrwjfn5j2y,Land splits aren‚Äôt one-size-fits-all #realestate #makemoney #entrepreneur #education,travisclaywells.bsky.social,0,0,0,,makemoney,,#makemoney
3lnky6aj7cy2q,Most of the deals? They come from direct-to-seller lead gen #realestate #makemoney #entrepreneur #education,travisclaywells.bsky.social,0,0,0,,makemoney,,#makemoney
3lnjblywoas2k,"Are you the sniper who builds agent partnerships for big wins?

Or the grinder making 300 calls a day until the deal hits?


#realestate #makemoney #entrepreneur #education",travisclaywells.bsky.social,0,0,0,,makemoney,,#makemoney
3lnj65noax22h,"8 Summer Jobs for Teenagers Targeting a $4,000 Payday
softtechhub.us/2025/04/23/s...

#SummerJobs #TeenEmployment #MakeMoney #SideHustle #JobOpportunities  #Teenagers #SummerIncome #FinancialGoals #WorkExperience #TeenPayday",softtechhub.bsky.social,0,0,0,https://softtechhub.us/2025/04/23/summer-jobs-for-teenagers/,makemoney,,#makemoney
3lnihqgwtja23,Real estate isn‚Äôt always planned it‚Äôs discovered #realestate #makemoney #entrepreneur #education,travisclaywells.bsky.social,0,0,0,,makemoney,,#makemoney
3lngqkf7ej42h,"Lost it all. Started over at 30. Now he‚Äôs stacking wins.

When you‚Äôve hit rock bottom, every dollar hits different.

That‚Äôs what makes the comeback so powerful.

This is why documenting your journey matters it‚Äôs not just content, it‚Äôs proof.

üëäüèª

#realestate #makemoney #entrepreneur #education",travisclaywells.bsky.social,0,0,0,,makemoney,,#makemoney
3lnfxttfscz2w,"Lowballed and lost the seller? Here's how to save it.

üëäüèª

#realestate #makemoney #entrepreneur #education",travisclaywells.bsky.social,0,0,0,,makemoney,,#makemoney
3lnfrzpnry32m,Got well-worn undies or socks? Buyers want YOURS! Xniffy helps you sell fast & earn cash. List free now at xniffy.com #WornUnderwear #MakeMoney,xniffy.bsky.social,0,0,0,,makemoney,,#makemoney
3lneaem7or62y,"Locked it up at $370k, listed at $450k, and sold it fast.¬†

The key? Know your numbers.¬†

Subtract 10% for costs, then your profit. If the deal still works, green light. That‚Äôs how I cleared $27K¬†

clean, simple, smart.

üëäüèª

#realestate #makemoney #entrepreneur #education",travisclaywells.bsky.social,0,0,0,,makemoney,,#makemoney
3lndqsb32qa23,Just because it doesn‚Äôt fit the usual boxes doesn‚Äôt mean it‚Äôs a novation #realestate #makemoney #entrepreneur #education,travisclaywells.bsky.social,0,0,0,,makemoney,,#makemoney
3lnckqrytyc2l,"üÜïSell done-for-you PDF guides onlineü§ñ Let AI do the research & writing. Work in any niches! Just copy, paste & upload We show you how to distribute online for free‚û°Ô∏è WATCH THE SHORT VIDEO DEMO HERE: pdfsidehustle.com 
#sidehustle #sidehustleideas #workfromhome #beyourownboss #passiveincome #makemoney",bestsidehustle.bsky.social,0,0,0,https://pdfsidehustle.com,makemoney,,#makemoney
3lnc7muwhf52f,"Design your perfect sandals!

#CustomSandals #CreativeFootwear #Dubai #DIYFashion #TrendingProducts 
#BusinessIdeas #MakeMoney #shorts #LA #NY",stankad.bsky.social,0,0,0,,makemoney,,#makemoney
3lnbodbxgxs24,"Often overlooked but great income for musicians. Learn the tips and tricks here: newbizideas.com/street-perfo... It costs nothing and requires no business experience to start. (#musician, #musicalIncome, #homeBusiness, #makeMoney, #musicBusiness, #selfEmployment)",quizand.bsky.social,0,0,0,https://NewBizIdeas.com/street-performing-surprise,makemoney,,#makemoney
3lnbo6t4kg224,"Discover all the free and complete details about an unusual way to make money at nightclubs and beaches at newbizideas.com/nightclubs-a... (#nightclub, #beach, #entertainment, #camera, #photography, #photographer, #makeMoney, #dinnerClub)",quizand.bsky.social,0,0,0,https://NewBizIdeas.com/nightclubs-and-beaches,makemoney,,#makemoney
3lnbm5efwwc2m,"88 ways to make money, all free and complete at newbizideas.com - Many require little or no experience, time or money. Some are quite surprising. (#homeBusiness, #selfEmployment, #makeMoney, #passiveIncome,  #businessIdeas, #business, #startABusiness, #money, #free)",quizand.bsky.social,0,0,0,https://NewBizIdeas.com,makemoney,,#makemoney
3lnb2pxms5z2w,"9 Remote Side Gigs That Pay Over $35 an Hour in 2025

#SideHustle
#MakeMoney 
Source: Yahoo Finance
 search.app/7p7ti",sidehustlefacts.bsky.social,0,0,0,https://search.app/7p7ti,makemoney,,#makemoney
3lnawxmxdex2y,Stop using ARV to justify overpaying #realestate #makemoney #entrepreneur #education,travisclaywells.bsky.social,0,0,0,,makemoney,,#makemoney
3ln76qd2btq23,I don‚Äôt use novation agreements upfront #realestate #makemoney #entrepreneur #education,travisclaywells.bsky.social,0,0,0,,makemoney,,#makemoney
3ln3uxu6lxx2c,"Trying to talk novation with an agent?¬†

Most will think it‚Äôs a scam. Keep it simple, ask for market value, 60 days or less.¬†

If they push back, move on.

üëäüèª

#realestate #makemoney #entrepreneur #education",travisclaywells.bsky.social,0,0,0,,makemoney,,#makemoney
3lmztqp7rcc2i,"Discover 15 ways to make money with NLP (Neuro-Linguistic Programming). It's a complete online ebook at 500ways.com/15-ways-to-m... (#NLP, #NeuroLinguisticProgramming, #psychology, #homeBusiness, #makeMoney, #entrepreneurial, #counseling, #counselor, #workFromHome)",quizand.bsky.social,0,0,0,https://500ways.com/15-ways-to-make-money-with-nlp,makemoney,,#makemoney
3lmytrh77bk2t,"üí° Upload audiobooks.
üí∞ Earn $25‚Äì$50 repeatedly.
üîí Tap into Amazon's secret royalty system with AZ Instant PayDay.
No skills needed. Just plug & play!

üéß‚û°Ô∏èüí∏ marketingprofitmedia.com/az-instant-p...

#PassiveIncome #AmazonRoyalties #AZInstantPayDay #AZInstantPayDayReview  #SideHustle #MakeMoney",zahidjoney.bsky.social,0,0,0,https://marketingprofitmedia.com/az-instant-payday-review/,makemoney,,#makemoney
3lmxhr6ixa223,"Discover 26 ways for musicians to make real money at 500ways.com/26-ways-for-... (#musician, #music, #pianist, #makeMoney, #homeBusiness, #entrepreneur, #entrepreneurial, #guitarist, #bassPlayer, #drummer, #instrumentalist, #singer)",quizand.bsky.social,0,0,0,https://500ways.com/26-ways-for-musicians-to-make-real-money,makemoney,,#makemoney
3lmuksbz2dk2g,Elevate your #YouTube channel strategy! üé• Let Avant Garde Digital Media help your brand discover a range of ways to #monetize your channel and #makemoney on YouTube. üí∞ Learn more: wix.to/KtcgVve #DigitalStrategy #MarketingTips #BusinessGrowth #influencer,avantgardedigi.com,0,0,0,https://wix.to/KtcgVve,makemoney,,#makemoney
3lmpyxdgum322,#DoorDashTips #SideHustle #CarPayments #GasSavings #Earnings #GigEconomy #FinancialFreedom #MakeMoney #DeliveryDrivers #SmartSpending,themarkgshow.bsky.social,0,0,0,,makemoney,,#makemoney
3lmoywchmur2p,Tap into the travel market and boost your sales by selling the Cloud Rest Pillow this season! #ecommerce #travelproducts #makemoney,sellthetrend.bsky.social,0,0,0,,makemoney,,#makemoney
3lmo5vq6ko22n,"Get out of the office for real this time. Start making your own money with the help of OfficeOutlaw.

#marketing #business #makemoney",officeoutlaw.bsky.social,0,0,0,,makemoney,,#makemoney
3lmniatuy3k2s,"üì¢ Discover Automators: Amarketplace where creators can sell AI automation workflows while businesses find ready-to-use tools to boost productivity! Earn passive income & streamline operations effortlessly. 
Explore now: buff.ly/QesZrGw 

üöÄ #Automation #AI #MakeMoney",justlaunchedai.bsky.social,0,0,0,https://buff.ly/QesZrGw,makemoney,,#makemoney
3lmm6u43dyk2y,"Master Affiliate Profits >>  bit.ly/4cvKIgq

#makemoney #earnonline #onlinemarketing #affiliatemarketing #workfromhome #biz #marketingdigital #profits",learntoearnonline.bsky.social,0,0,0,https://bit.ly/4cvKIgq,makemoney,,#makemoney
3lmigmalims26,"While many settle for 20‚Äì30$/hour gigs, a growing cohort of professionals is charging $100+ per hour? 

#HighIncomeSkills #FreelanceSuccess #TechCareers #DigitalMarketing #AIJobs #Cybersecurity #DataAnalytics #RemoteWork #FinancialFreedom #CareerGrowth #MakeMoney

planetlifehacks.com/top-10-high-...",planetlifehacks.bsky.social,0,0,0,https://planetlifehacks.com/top-10-high-demand-skills-to-earn-100-hour-in-2025/,makemoney,,#makemoney
3lmhktchtjq2s,"LinkedIn isn‚Äôt a toy‚Äîit‚Äôs a powerful tool for business. If you‚Äôre on the platform, make it work for you! Learn how to use it effectively to grow and succeed.

üì∫ Watch now: https://www.youtube.com/watch?v=sk-BfcJxbX4
#LinkedInSuccess #MakeMoney #BusinessGrowth",bigfrograleigh.com,0,0,0,https://www.youtube.com/watch?v=sk-BfcJxbX4,makemoney,,#makemoney
3lmh4xzi4oc2l,"Sperm Donation Money: Fast Cash or Hidden Consequences? - @nymynet

#spermdonor #makemoney #Uganda #Dollar #risks 

nymynet.com/sperm-donati...",nymynet.bsky.social,0,0,0,https://nymynet.com/sperm-donation-money-fast-cash-or-hidden-consequences/,makemoney,,#makemoney
3lmfz3ppaol2h,"Art on Your Head ‚Äì Redefining Hairdressing, One Masterpiece at a Time!

#HairArt #BeautyBoss #Entrepreneur #ViralTrend #MakeMoney #shorts #USA #Canada #LA #NY",stankad.bsky.social,0,0,0,,makemoney,,#makemoney
3lmfqautd5c2f,I wish I could #MakeMoney from my #art so that I can have #MoreTime to do more art.,timelike01.bsky.social,0,0,0,,makemoney,,#makemoney
3lmf3csp6vs2k,"Fed up of #chargebacks #censorship ?

Here's a #free alternative where you are protected üëá

#voiceclipartist ~ #monetize your voice

#clipartist ~ upload legal content and you'll have no problems

#musician ~ upload your music and #monetize it

#sexworker ~ upload your work #monetize it.

#Makemoney",nsfwsocial.com,0,0,0,,makemoney,,#makemoney
3lmf2lmn6tk2y,www.lokdx.com is a free platform for #contentcreators #musicians #artists #sexworkers #pornstars #journalists #makemoney without the #hassle of #creditcard #payprocessors,lokdx.bsky.social,0,0,0,https://www.lokdx.com/,makemoney,,#makemoney
3lme5ofwhhz2s,"HeyCash Review: Is It Legit? My Experience with Earnings, Surveys, and Rewards radicalfire.com/heycash-revi... #MakeMoney #SideHustle #Money",radicalfire.bsky.social,0,0,0,https://radicalfire.com/heycash-review/,makemoney,,#makemoney
3lmd5pb4w7c2m,"For beginners, the idea of generating income without constant effort can feel like a fantasy. But it‚Äôs very real.

#PassiveIncome #FinancialFreedom #Investing #Entrepreneur #Money #Business #Success #WorkFromHome #Entrepreneurship #Investment #MakeMoney

planetlifehacks.com/the-ultimate...",planetlifehacks.bsky.social,0,0,0,https://planetlifehacks.com/the-ultimate-guide-to-passive-income-for-beginners/,makemoney,,#makemoney
3lmceugddtc23,New tool alert! üéâ Price your garage sale items like a pro with our FREE calculator! Maximize your profits & sell smarter. Try it now! ‚û°Ô∏èyardsale.garagesaletime.com/price-tool #GarageSaleTips #PricingTool #SellerTools #MakeMoney #EstateSale #YardSale #BusinessGrowth,garagesaletime.com,0,0,0,,makemoney,,#makemoney
3lma2ykbrxs2t,New tool alert! üéâ Price your garage sale items like a pro with our FREE calculator! Maximize your profits & sell smarter. Try it now! ‚û°Ô∏èyardsale.garagesaletime.com/price-tool #GarageSaleTips #PricingTool #SellerTools #MakeMoney #GarageSale #YardSale,garagesaletime.com,0,0,0,,makemoney,,#makemoney
3lma2vfjo3s27,"Interested in side hustles? Check out 88 Ways to Make Money at weirdestwebsite.com/88-unique-wa... (#sideHustle, #homeBusiness, #microbusiness, #businessIdeas, #homeBusinessIdeas, #money, #makeMoney, #smallBusiness, #entrepreneur)",quizand.bsky.social,0,0,0,https://WeirdestWebsite.com/88-unique-ways-to-make-money,makemoney,,#makemoney
3lm5isifoce2l,"Ever wanted to try being an influencer? Here is your chance. Click the link to get started: app.mave.ly/R3SGkikSfRb

#sidehustle #passiveincome #money #sidejob #economy #influencer #makemoney #thesidehustle #calvinklein #nike #lego #summersalt #herroom #aloyoga",adorenexplore.bsky.social,0,0,0,https://app.mave.ly/R3SGkikSfRb,makemoney,,#makemoney
3llzyp5zg2l2i,#passiveincome #income #earningapps #earnonline #passive #earn #earningapps #makemoneyonline #makemoney #onlineearning #onlineearningapps #passiveincomeapps #moneyapps,xpugur.bsky.social,0,0,0,,makemoney,,#makemoney
3llzyorexod2i,"earn.fm/ref/XPUG02OG

#passiveincome #income #earningapps #earnonline #passive #earn #earningapps #makemoneyonline #makemoney #onlineearning #onlineearningapps #passiveincomeapps #moneyapps",xpugur.bsky.social,0,0,0,https://earn.fm/ref/XPUG02OG,makemoney,,#makemoney
3llzyne7vid2i,"mystnodes.co?referral_cod... 

#passiveincome #income #earningapps #earnonline #passive #earn #earningapps #makemoneyonline #makemoney #onlineearning #onlineearningapps #passiveincomeapps #moneyapps",xpugur.bsky.social,0,0,0,https://mystnodes.co/?referral_code=jROwMfk53qJ97KSVBCQobhdqTPxis4QhA15haIDj,makemoney,,#makemoney
3llzylimt4l2i,"app.getgrass.io/register/?re...

#passiveincome #income #earningapps #earnonline #passive #earn #earningapps #makemoneyonline #makemoney #onlineearning #onlineearningapps #passiveincomeapps #moneyapps",xpugur.bsky.social,0,0,0,https://app.getgrass.io/register/?referralCode=EByVuy4d9ttOFlf,makemoney,,#makemoney
3llzyjslrzd2i,"link.repocket.com/UrS1

#passiveincome #income #earningapps #earnonline #passive #earn #earningapps #makemoneyonline #makemoney #onlineearning #onlineearningapps #passiveincomeapps #moneyapps",xpugur.bsky.social,0,0,0,https://link.repocket.com/UrS1,makemoney,,#makemoney
3llzyiblgjd2i,"bytelixir.com/r/JSJWQVX9SNP3

#passiveincome #income #earningapps #earnonline #passive #earn #earningapps #makemoneyonline #makemoney #onlineearning #onlineearningapps #passiveincomeapps #moneyapps",xpugur.bsky.social,0,0,0,https://bytelixir.com/r/JSJWQVX9SNP3,makemoney,,#makemoney
3llzyfqjybt2i,"traffmonetizer.com?aff=1964

#passiveincome #income #earningapps #earnonline #passive #earn #earningapps #makemoneyonline #makemoney #onlineearning #onlineearningapps #passiveincomeapps #moneyapps",xpugur.bsky.social,0,0,0,https://traffmonetizer.com/?aff=1964,makemoney,,#makemoney
3llzye3uhr32i,"linktr.ee/xpugur
linktr.ee/xpugur
linktr.ee/xpugur

#passiveincome #income #earningapps #earnonline #passive #earn #earningapps #makemoneyonline #makemoney #onlineearning #onlineearningapps #passiveincomeapps #moneyapps",xpugur.bsky.social,0,0,0,"https://linktr.ee/xpugur, https://linktr.ee/xpugur, https://linktr.ee/xpugur",makemoney,,#makemoney
3llythso2ms2c,"""Just made $15 in 1 day from my phone using this app!
No investment 
No skills""
Try here
sites.google.com/view/earn510...

#makemoney #makemoney #online #onliejobs",maniruddin.bsky.social,0,0,0,https://sites.google.com/view/earn510dailyfromyourphone/home,makemoney,,#makemoney
3llxdtjcgmy22,"Shelf Navigator: The App That Turns Shopping Into a Treasure Hunt!
 #BusinessIdea #Startup #RetailTech #TechInnovation #SmartShopping #MakeMoney #sidehustle #motivation #LA #NY",stankad.bsky.social,0,0,0,,makemoney,,#makemoney
3llx4bxcfsv2q,"How to Make Money Fast with Fix and Flip Loans: A Step-by-Step Guide
For info tap:http://dlvr.it/TJxVfL
 #MakeMoney #FixAndFlip #RealEstateInvesting #InvestmentTips #PropertyFlipping #HouseFlipping #WealthBuilding",lendertribune.bsky.social,0,0,0,http://dlvr.it/TJxVfL,makemoney,,#makemoney
3llx2wwinsm2b,#aibusiness #bestaitools #makemoney https://youtu.be/mEnUZonAYEU,docusodes.bsky.social,0,0,0,https://youtu.be/mEnUZonAYEU,makemoney,,#makemoney
3llusdqcdv22w,"Burger Breakthrough ‚Äì 70M Views Turn a Single Burger into a Legend! #BusinessIdea¬†
#Entrepreneur #ViralTrend #Burger #Restaurant #BusinessIdeas #MakeMoney #FinancialFreedom #PassiveIncome #RichMindset",stankad.bsky.social,0,0,0,,makemoney,,#makemoney
3lltyjmxbu22y,"Curious if Swagbucks is a legitimate way to earn rewards or just a time sink? The Empire Build Academy (TEBA) provides an in-depth review of Swagbucks right here

#swagbucks #earncash #makemoney

www.empirebuildacademy.com/post/earn-ca...",empirebuildacademy.com,0,0,0,https://www.empirebuildacademy.com/post/earn-cash-playing-mobile-games,makemoney,,#makemoney
3lltvc7jyzs2y,"Only the people at the top make money?! Scam! Hmmm... Wrong again! ‚ù§Ô∏è 

#PyramidScheme #SideGig #EarnMoneyOnline #ExtraIncome #EarnWithMe #MakeMoney #TopEarner #LinkInBio",lynnhuber.bsky.social,0,0,0,,makemoney,,#makemoney
3llqzejlru22j,"Discover 15 ways to make money with NLP (Neuro-Linguistic Programming). It's all free and complete at weirdestwebsite.com/15-ways-to-m... (#NLP, #NeuroLinguisticProgramming, #psychology, #homeBusiness, #makeMoney, #entrepreneurial, #counseling, #counselor, #workFromHome)",quizand.bsky.social,0,0,0,https://WeirdestWebsite.com/15-ways-to-make-money-with-nlp,makemoney,,#makemoney
3lloydsvmip2y,"Successful Courses to Financial Gain


Let's evaluate the 3 methods of earning money. #Courses #makemoney #money #successful
josecashsblog.com/index.php/20...",interbaez61.bsky.social,0,0,0,https://josecashsblog.com/index.php/2025/03/31/successful-courses-to-financial-gain/,makemoney,,#makemoney
3lnio2ftg322x,"You can earn up to 60% commission just by sharing a trusted forex signal service that actually delivers 

If you're into affiliate marketing or just want an easy side hustle, check it out:
duxforex.com/vip/1/affili...

#ForexSignals #AffiliateMarketing #EarnFromHome #LegitSideHustle #DuxForex",tariqnuman.bsky.social,0,0,0,https://duxforex.com/vip/1/affiliate/,earnfromhome,,#earnfromhome
3ln73pfsbtk2f,"link.repocket.com/UrS1

#onlineearning¬†#onlineearningapp¬†#onlineearningmoney¬†#onlinemoney¬†#onlinemoneyearning¬†#IncomeChallenge¬†#incomeonline¬†#earningapp¬†#Honeygain¬†#iproyal¬†#earnapp¬†#moneymakin¬†#EarnFromHome¬†#profit #Marketing #work #earncash #US #usa #affiliatemarketing #affiliatemarketingtips",xpugur.bsky.social,0,0,0,https://link.repocket.com/UrS1,earnfromhome,,#earnfromhome
3ln73kwvjpk2f,"app.getgrass.io/register/?re...

#onlinemoney¬†#onlinemoneyearning¬†#IncomeChallenge¬†#incomeonline¬†#earningapp¬†#Honeygain¬†#iproyal¬†#earnapp¬†#moneymakin¬†#EarnFromHome¬†#profit #Marketing #work #earncash #US #usa #affiliatemarketing #affiliatemarketingtips",xpugur.bsky.social,0,0,0,https://app.getgrass.io/register/?referralCode=EByVuy4d9ttOFlf,earnfromhome,,#earnfromhome
3ln73hhfoss2f,"bytelixir.com/r/JSJWQVX9SNP3

¬†#incomeonline¬†#earningapp¬†#Honeygain¬†#iproyal¬†#earnapp¬†#moneymakin¬†#EarnFromHome¬†#profit #Marketing #work #earncash #US #usa #affiliatemarketing #affiliatemarketingtips #affiliatemarketingforbeginners #AffiliateMarketing2025 #affiliatemarketingtraining",xpugur.bsky.social,0,0,0,https://bytelixir.com/r/JSJWQVX9SNP3,earnfromhome,,#earnfromhome
3ln73faln5c2f,"traffmonetizer.com?aff=1964

#Honeygain¬†#iproyal¬†#earnapp¬†#moneymakin¬†#EarnFromHome¬†#profit #Marketing #work #earncash #US #usa #affiliatemarketingbusiness #makemoneyonlinebusiness #makemoneyonlinesurvey #bestwaytomakemoneyonline",xpugur.bsky.social,0,0,0,https://traffmonetizer.com/?aff=1964,earnfromhome,,#earnfromhome
3lmukhl4rnj2z,"ùó™ùóºùóøùó∏ ùó∑ùòÇùòÄùòÅ ùüÆ-ùüØ ùóµùóºùòÇùóøùòÄ ùóÆ ùó±ùóÆùòÜ ùóÆùóªùó± ùó≤ùóÆùóøùóª ùü≠ùü¨ùü¨% ùó∞ùóºùó∫ùó∫ùó∂ùòÄùòÄùó∂ùóºùóªùòÄ! 

No tech skills are needed. Break free from low pay and long hours. 

DM me to start your financial freedom journey!

#100PercentCommission #EarnFromHome #FinancialFreedom #MakeMoneyOnline #SideHustle",karimch.bsky.social,0,0,0,,earnfromhome,,#earnfromhome
3lmnjpv4muv2f,#HighRents #EarnFromHome #OnlineWork #ContentCreatorLife #EconomicIndependence #AdultEntertainment #OnlyFansItaly #TikTokItaly #LinkInBio #MonetizeNow,owmodel.bsky.social,0,0,0,,earnfromhome,,#earnfromhome
3lmmtryfhde2s,Want to earn extra income without leaving home? Work with us. Apply now at zurl.co/iYASS #EarnFromHome #SideJob #MoneyMatters,kaizenadvance.bsky.social,0,0,0,https://zurl.co/iYASS,earnfromhome,,#earnfromhome
3lm44zpyizs2t,"JOBüëâ usjob.top 
Apply NowüëÜ Only for US üá∫üá∏ Earn $17 - $35/hr 

Tag 
#USAJobs #WorkFromHome #RemoteWork #HiringNow #MakeMoneyOnline #JobSearch #OnlineJobs #SideHustle #EarnFromHome #USHiring #CareerOpportunities #FreelanceWork #JobAlert #RemoteCareers #WorkAnywhere",exvori.bsky.social,0,0,0,http://usjob.top,earnfromhome,,#earnfromhome
3ll2xcceac22x,"Turn Naptime Into Income! üí∞üíª

Busy mom? Earn daily in just 2 hours/day with a simple, no-tech system‚Äîon your terms, while your little one sleeps!

Ready to start? Follow us now!

üëâ Can‚Äôt post it here‚Äîjust type ""DM me!""

#earnfromhome #momboss #workfromhome #passiveincome #digitalproducts",karimch.bsky.social,0,0,0,,earnfromhome,,#earnfromhome
3lkhbt4eq5c2c,"#earnfromhome #earnonline AND/OR #advertising #advertise with #apacheclicks on my newest #website to my #advertisingagency and part of my #nativeamerican ring of #websites 
Click here to check it out: www.apacheclicks.info
We accept #paypal, #Skrill, #CashApp, #cryptocurrency",rukun-rutakus.bsky.social,0,0,0,https://www.apacheclicks.info/,earnfromhome,,#earnfromhome
3lk7gwnlkn22a,"Referral Program vs. Dropshipping ‚Äì Which is More Profitable? üí°

Referral program has key advantages:

‚úÖ No risks or investments 
‚úÖ No logistics hassles 
‚úÖ Passive income 
‚úÖ Quick start 

üîó Join now: surl.li/pfvrmb

#passiveincome #refferalprogram #earn #earnfromhome #earnmoneyonline #money #rich",spreadsheetshub.com,0,0,0,https://surl.li/pfvrmb,earnfromhome,,#earnfromhome
3lk2r7hhwpi2t,"üöÄ Your AI-powered side hustle starts NOW! üí°  https://925millionaires.com/ai-side-hustles-ideas 
#MoneyMindset #DigitalNomad #AIProfit #SuccessMindset #OnlineIncome #EarnFromHome #TechSideHustle #AIInnovation #FreelancerLife #MoneyTips #StartupLife #SideHustleSuccess #TimeIsMoney #AutomationLife",925m.bsky.social,0,0,0,https://925millionaires.com/ai-side-hustles-ideas,earnfromhome,,#earnfromhome
3ljzwal6yw42z,"Work from anywhere, anytime. Your opportunity for extra income and flexibility starts here. Apply at zurl.co/pQC96 #BeYourOwnBoss #RemoteWorkLife #EarnFromHome",kaizenadvance.bsky.social,0,0,0,https://zurl.co/pQC96,earnfromhome,,#earnfromhome
3ljxwfihdu22d,"üí° ""Earn extra without extra effort.
MOSCA‚Äôs revenue share program works while you live your life.
üì± Start today: form.jotform.com/250355675046...

#RevenueShare #PassiveIncome #EarnFromHome",dweller.bsky.social,0,0,0,https://form.jotform.com/250355675046863,earnfromhome,,#earnfromhome
3ljslcuoatk2k,"How to Earn Money Online from Home üíªüí∞

‚úÖ 100% digital product ‚Äì no shipping, instant delivery
‚úÖ Work from anywhere, anytime
‚úÖ Passive income with ease

Start earning today! üöÄ

üîó surl.li/dcknhf

#makemoneyonline #howto #earnfromhome #onlinework #foru #earn #passiveincome",spreadsheetshub.com,0,0,0,https://surl.li/dcknhf,earnfromhome,,#earnfromhome
3ljos3bfo422c,"üöÄ ""Build wealth while you sleep.
MOSCA‚Äôs revenue share program works 24/7 for you.
üëâ Learn more: form.jotform.com/250355675046...

#PassiveIncome #RevenueShare #EarnFromHome",dweller.bsky.social,0,0,0,https://form.jotform.com/250355675046863,earnfromhome,,#earnfromhome
3liykx4o4ox2o,"We're hiring! join our email list for remote jobs! zurl.co/UbpHW
You can also visit our website: www.speakwiselysolutions.com
#fyp #earnfromhome #werehiring #hiring",sherecruits.bsky.social,0,0,0,"https://zurl.co/UbpHW, http://www.speakwiselysolutions.com",earnfromhome,,#earnfromhome
3lixpqi7eik2e,#EarnFromHome #nonfollowers #followers #viralvideo,poolrental.xyz,0,0,0,,earnfromhome,,#earnfromhome
3lhqa5tepv42p,"Online Survey Jobs Work From Home
#OnlineSurveyJobs #WorkFromHome #RemoteWork #SideHustle #EarnFromHome #SurveyTaker #FlexibleJobs #MakeMoneyOnline #HomeBasedBusiness #PassiveIncome",responix.bsky.social,0,0,0,,earnfromhome,,#earnfromhome
3lhoaiianlh2r,"Work smarter, not harder. Explore flexible job options today at www.kaizenadvance.com.
#FlexJobsNow #WorkFromAnywhere #EarnFromHome #CareerFreedom #KaizenAdvance",kaizenadvance.bsky.social,0,0,0,https://www.kaizenadvance.com,earnfromhome,,#earnfromhome
3lhj5lyka542p,"üí∞üí§ Want to earn money while you sleep? üåô It‚Äôs not a dream‚Äîit's passive income! üí° üò¥ Start your journey to financial freedom NOW! üöÄ

#PassiveIncome #FinancialFreedom #MoneyWhileYouSleep #DreamBig #WorkSmartNotHard #EarnFromHome #WealthBuilding #FinancialGoals #SideHustle #MoneyMindset #SleepAndEarn",kickengage.bsky.social,0,0,0,,earnfromhome,,#earnfromhome
3lhhrtn2ehc2z,"youtu.be/Nbj44Ajp2A8?... 
As a single mone, Carrie faced foreclosure and worked multiple jobs. That was, until things turned completely around.

Her lesson? Never give up hope. The right opportunity exists.

#DebtFree #FinancialFreedom #SuccessStory #LifeChanging #NeverGiveUp #EarnFromHome",dailypay4all.bsky.social,0,0,0,https://youtu.be/Nbj44Ajp2A8?si=8ZPvIWJMen_xMQKt,earnfromhome,,#earnfromhome
3lhe6gxg6oj26,"How to Make Money Online in 2025
#MakeMoneyOnline #OnlineIncome2025 #DigitalEntrepreneurship #SideHustle #PassiveIncome #WorkFromHome #FinancialFreedom #OnlineBusinessTips #FutureOfWork #EarnFromHome",responix.bsky.social,0,0,0,,earnfromhome,,#earnfromhome
3lhe6fbddxj26,"9 Proven Ways to Make Money Online
#MakeMoneyOnline #OnlineIncome #WorkFromHome #SideHustle #PassiveIncome #FinancialFreedom #DigitalEntrepreneur #MoneyMakingTips #EarnFromHome #OnlineBusiness",responix.bsky.social,0,0,0,,earnfromhome,,#earnfromhome
3lhbeopnlxm2n,"How to Earn Money Online Without Investment
#MakeMoneyOnline #SideHustle #Freelancing #ContentCreation #OnlineSurveys #AffiliateMarketing #TeachOnline #DigitalProducts #SocialMediaManagement #EarnFromHome #FinancialIndependence #WorkFromHome #PassiveIncome #OnlineIncome #WomenInBusiness‚Ä¶",responix.bsky.social,0,0,0,,earnfromhome,,#earnfromhome
3lh4lakit772e,"Turn your passion into profit with a side hustle! üåü Follow 925millionaires.com to get started.
#MakeMoneyOnline #SideHustleIdeas #OnlineEarnings #ExtraIncomeIdeas #HustleAndGrow #FinancialFreedomGoals #OnlineIncomeTips #PassiveEarnings #SideHustleGrind #EarnFromHome",925m.bsky.social,0,0,0,,earnfromhome,,#earnfromhome
3lgvwsjr66k2q,"Make $100 a day Online Ebook with Resell Rights that I'm giving away for free!

#OnlineProfits

#MakeMoneyOnline

#PassiveIncome

#SideHustleIdeas

#EarnFromHome

#DigitalIncome

#OnlineEarnings

#ProfitFromHome

#WorkFromHome

#FinancialFreedom

#OnlineBusinessTips

drive.google.com/file/d/1twiU...",willowgames.bsky.social,0,0,0,https://drive.google.com/file/d/1twiU4-qEuSEnLzSEUNaawpfBvuBS_qgs/view?usp=sharing,earnfromhome,,#earnfromhome
3lgrodefqf22q,"üíº Hate your 9-to-5? Discover how you can earn on YOUR terms.
üìπ Watch now: youtu.be/-VoV9GyNVag
üìß Email dweller@transact.bm to find out more.

#FreedomLifestyle #QuitTheRatRace #EarnFromHome #DigitalRevolution",dweller.bsky.social,0,0,0,https://youtu.be/-VoV9GyNVag,earnfromhome,,#earnfromhome
3lglg4jxri425,"We continue signing-up new partners in readiness for our launch! üöÄ RODE LIFE brings huge savings on travel, dining, entertainment, experience days & more, plus offers enormous earning potential. ü§ë Subscribe to our newsletter for 50% off! www.rodelife.com üí∞ #earnfromhome #homebusiness #WFH #makemoney",rodelife.bsky.social,0,0,0,https://www.rodelife.com,earnfromhome,,#earnfromhome
3lgezhy2hjc2i,"Online High Profit Success >>  bit.ly/3WxgMtl

#success #internet #internetmarketing #onlinemarketing #affiliatemarketing #marketing #business #makemoneyonline #makemoney #earnfromhome #earnathome #biz #worldwide",learntoearnonline.bsky.social,0,0,0,https://bit.ly/3WxgMtl,earnfromhome,,#earnfromhome
3lg6mi3726s25,"You need some income? üí∏

Rated10 makes it easy. Share your knowledge, answer questions, and get paid‚Äîno extra content needed.

Ready to start earning smarter? Download Rated10 now!

#Rated10 #MakeMoneyOnline #EarnFromHome #ContentCreators #EarnSmarter #CreatorGoals #SideHustle",rated10.bsky.social,0,0,0,,earnfromhome,,#earnfromhome
3lfrobbnnoc2g,"""Super Affiliate System: From Beginner to Pro in Affiliate Marketing""
Take the guesswork out of affiliate marketing with the Super Affiliate System. Whether you're new or experienced, 
#SuperAffiliateSystem #AffiliatePro #EarnFromHome #MarketingMadeSimple #OnlineEntrepreneurship

clck.ru/3FkpK4",e-business.bsky.social,0,0,0,https://clck.ru/3FkpK4,earnfromhome,,#earnfromhome
3lfm723deb225,"The Skills You Need To Build Online Business >>> bit.ly/423mhUi

#digitalmarketing #internet #business #onlinebusiness #marketingdigital #masterclass #earnonline #earnfromhome #worldwide #fyi #biz",learntoearnonline.bsky.social,0,0,0,https://bit.ly/423mhUi,earnfromhome,,#earnfromhome
3lfkch23o5k2z,"Stress free life is the new wave!  Especially when it come to working.
We can help! Join our work from home email list! 
Let's start your new stress free life today!
zurl.co/V1Yxq 
#earnfromhome #earnonline",sherecruits.bsky.social,0,0,0,https://zurl.co/V1Yxq,earnfromhome,,#earnfromhome
3lfbr5vzk632p,"Stop dreaming and start earning! Join my Telegram group for FREE giveaways and online money-making tips that actually work. üí°üí∞ 

#EarnFromHome #GiveawaysDaily",henry641.bsky.social,0,0,0,,earnfromhome,,#earnfromhome
3ldvvtgyqsk2l,"üö® We're Hiring: Freelance Paid App Reviewer! üö®

Join our team and get paid for reviewing apps! Work from home with flexible hours.

Apply now üëâ bit.ly/WritingRevie...

#FreelanceJobs #WorkFromHome #RemoteWork #AppReviewer #PaidReviews #SideHustle #JobOpportunity #FlexibleJobs #WFH #EarnFromHome",abhayaarya.bsky.social,0,0,0,https://bit.ly/WritingReviews-WFH-Jobs,earnfromhome,,#earnfromhome
3ldvvl5dxg22l,"Looking for a cool work-from-home gig? üçè Get paid $150/day to diet and share your experiences! Flexible hours and work from anywhere.

Apply now: bit.ly/WritingRevie...

#DietJobs #RemoteWork #WorkFromHome #FlexibleJobs #HealthyLiving #SideHustle #EarnFromHome #OnlineJobs #ReviewJobs #DietReview",abhayaarya.bsky.social,0,0,0,https://bit.ly/WritingReviews-WFH-Jobs,earnfromhome,,#earnfromhome
3ldvvir3wec2l,"Looking for a cool work-from-home gig? üé• Get paid $850/week to watch movies on Netflix and share your reviews! Flexible hours and work from anywhere.

Apply now: bit.ly/WritingRevie...

#NetflixJobs #RemoteWork #WorkFromHome #FlexibleJobs #MovieLovers #SideHustle #EarnFromHome #OnlineJobs",abhayaarya.bsky.social,0,0,0,https://bit.ly/WritingReviews-WFH-Jobs,earnfromhome,,#earnfromhome
3ldvvfy4fbc2l,"Looking for a cool work-from-home gig? üéß Get paid $20/hour to listen to Spotify playlists and write reviews! Flexible hours and work from anywhere.

Apply now: bit.ly/WritingRevie...

#SpotifyJobs #RemoteWork #WorkFromHome #FlexibleJobs #MusicLovers #SideHustle #EarnFromHome #OnlineJobs",abhayaarya.bsky.social,0,0,0,https://bit.ly/WritingReviews-WFH-Jobs,earnfromhome,,#earnfromhome
3ldvusz5wpk2l,"üõí eBay Listing Experts Wanted! Earn $15 Per Listing!
üíº Work from home with flexible hours.

üëâ Apply now: bit.ly/OnlineWritin...

#eBayJobs #FreelanceOpportunities #RemoteWork #WorkFromHome #eBayListing #FreelanceJobs #OnlineJobs #FlexibleWork #EarnFromHome #eCommerceJobs",abhayaarya.bsky.social,0,0,0,https://bit.ly/OnlineWriting-Job,earnfromhome,,#earnfromhome
3lbncd2fvbc2j,"
The WizBiz Academy>>  bit.ly/3V98uar

#biz #onlinebusiness #entrepreneur #makemoney #business #learning #profit #internet #internetmarketing #marketingdigital #onlinecourses #likesforlike #worldwide #earnfromhome #earnmoney #best #fyi #info #digitalmarketing #internet",learntoearnonline.bsky.social,0,0,0,https://bit.ly/3V98uar,earnfromhome,,#earnfromhome
3lahcrvioq62c,"üëâ Want a simple way to make money online? Imagine sharing just ONE special link and watching commissions roll in‚Äîno email marketing needed! üòç

I've already started seeing results in just days! Want in for FREE? Comment below, and I‚Äôll DM you the registration link! üòÅ

#MakeMoneyOnline
#EarnFromHome",steadfastmarketers.bsky.social,0,0,0,,earnfromhome,,#earnfromhome
3l7gpxqhhvj22,"How to Make Money Online for Beginners Without Paying Anything
Welcome to my How to Make Money Online for Beginners Without Paying Anything blog post. 
More information: softbestreview.com/how-to-make-...
#makemoneyonlinefree
#MakeMoneyOnline #EarnMoneyOnline  #MoneyHacks #EarnFromHome #MakeMoney",softbestreview.bsky.social,0,0,0,https://softbestreview.com/how-to-make-money-online-without-paying-anything/,earnfromhome,,#earnfromhome
3l4jde5xekm23,"Online Jobs Work At Your Home

Looking for flexible work? ÔªøüåêÔªøÔªøüíºÔªø Start earning from the comfort of your home! Ôªøüè°ÔªøÔªøüíªÔªø Sign up today for online jobs and enjoy a work-life balance like never before. ÔªøüöÄÔªøÔªøüìàÔªø

Sign up : rb.gy/nrs9qg 
 
#OnlineJobs #WorkFromHome #RemoteWork #FreelanceLife #EarnFromHome",maria90.bsky.social,0,0,0,https://rb.gy/nrs9qg,earnfromhome,,#earnfromhome
3kmkm3rfhz32u,"Knowledge always gives returns. Never stop learning at any age.

 mastpaisa.blogspot.com/p/introducti...

#mastpaisa #funfunds
#knowledge #knowledgeispower #knowledgegivesprofit #learning #learn #learnmore #dontstoplearning #anyage #earn #earning #earnonline #EarnFromHome",jitsach.bsky.social,0,0,0,https://mastpaisa.blogspot.com/p/introduction.html,earnfromhome,,#earnfromhome
3lhdmjnweu22r,"Earn Passive Income from Home: Start Affiliate Marketing Now

Are you looking for a way to make money online? Affiliate marketing allows you to promote products and services fro brand#EarnFromHome#affiliatetips#digitalmarketing#amarinfotech#ai#aiagent#ittrend2025
www.amarinfotech.com/affiliate-ma...",parthpanchal123.bsky.social,0,0,0,https://www.amarinfotech.com/affiliate-marketing.html,earnfromhome,,earnfromhome
3lnnf3cmyh62s,"When finances falter, quick solutions matter. Selling your house for cash could be your best move. #QuickCash",fairoffer.org,0,0,0,,quickcash,,#quickcash
3lnlw3b5tri22,"Need quick access to cash for your home? Access funds easily with our flexible lines of credit.
For info tap:www.lendertribune.com










 #HomeEquity #CashForHome #QuickCash #HousingFinance #LenderTribune #FinancialFreedom #FlexibleCredit #CreditLines",lendertribune.bsky.social,0,0,0,,quickcash,,#quickcash
3lmuwaemuts2s,"Cash-For-That.com buys your RVs, ATVs, motorcycles, and more‚Äîquick cash, no stress, and we handle the pickup. üöôüö§
#SellYourVehicle #VehicleSales #VehicleBuyer #QuickCash",cash-for-that.bsky.social,0,0,0,,quickcash,,#quickcash
3llykyn6fm22l,"We offer quick appraisals, fast payment, and hassle-free pickup‚Äînationwide for your vehicle at Cash-For-That.com! üíµüèçÔ∏è
#VehicleBuyer #FastMoney #QuickCash #SellYourVehicle",cash-for-that.bsky.social,0,0,0,,quickcash,,#quickcash
3lkrxwblylc2j,"New Newsletter/Article on Freelance Writing Online on Craig's List/Freelance gigs. Now, over at Medium: medium.com/@ldagstine/l...

#Medium #Articles #FreelanceArticles #Craigslist #Freelance #Writing #Writers #WriterSky #WritingCommunity #WritingForMoney #Writing #Gigs #QuickCash #OnlineArticles",lawrencedagstine.com,0,0,0,https://medium.com/@ldagstine/lawrence-dagstine-craigs-list-was-a-treasure-trove-of-freelance-opportunities-and-some-days-it-634caca6cbd9,quickcash,,#quickcash
3ljpwyksexk2f,"Looking for a reliable pawnshop in South Florida? üíéüí∞ Dixie Pawn offers fair deals, quick cash loans & expert service in Hollywood, FL! Stop by today.

üìç 2316 N Dixie Hwy
üìû 954-927-8400

#PawnShop #SouthFlorida #GoldBuyer #QuickCash #HollywoodFL #DaniaBeach",dixiepawn.bsky.social,0,0,0,,quickcash,,#quickcash
3lhgie47smv2k,"Easy Ways to Make Money Fast
#MakeMoneyFast #EasyMoney #SideHustle #QuickCash #FinancialFreedom #MoneyMakingIdeas #PassiveIncome #WorkFromHome #EarnExtraCash #MoneyTips",responix.bsky.social,0,0,0,,quickcash,,#quickcash
3lhdjomz4ew2m,"Easy Ways to Make Money Fast
#EasyMoney #MakeMoneyFast #QuickCash #SideHustle #MoneyMakingIdeas #FinancialFreedom #PassiveIncome #WorkFromHome #ExtraIncome #OnlineJobs #MoneyTips #EarnExtraCash #FastMoney #MoneyHacks #SideGig #EntrepreneurLife #WealthBuilding #BudgetingTips #InvestSmart #CashFlow‚Ä¶",responix.bsky.social,0,0,0,,quickcash,,#quickcash
3lgxi546vkk2m,"Easy Ways to Make Money Fast
#MakeMoney #EasyMoney #SideHustle #QuickCash #MoneyMakingIdeas #FinancialFreedom #PassiveIncome #WorkFromHome #OnlineIncome #MoneyTips #EarnExtraCash #InvestSmart #MoneyMindset #WealthBuilding #EntrepreneurLife #CashFlow #BudgetingTips #FinancialGoals #MoneyMatters‚Ä¶",responix.bsky.social,0,0,0,,quickcash,,#quickcash
3ld4dcpmmd22s,"Made a panda with my daughter. The panda is wearing a The Finals cap üêºüî•! Ready for S5! 

www.twitch.tv/mommymiayna/

#thefinals #worldtour #stream #twitch #MommyMiayna #flamer #quickcash #ranked #videogames #gamerupdate #thefinalsupdate #PlayStation #steam",marishh.bsky.social,0,0,0,https://www.twitch.tv/mommymiayna/,quickcash,,#quickcash
3lcyfuvcnks2c,"Finally got GOLD 4 in ranked (The Finals) ! üéâ Just in time, before the new season will start. Reaching GOLD was my last target for this season üòäüî•! 

www.twitch.tv/mommymiayna/

#thefinals #worldtour #stream #twitch #MommyMiayna #flamer #quickcash #ranked #videogames #gamerupdate",marishh.bsky.social,0,0,0,https://www.twitch.tv/mommymiayna/,quickcash,,#quickcash
3lct56qtclk2n,"Making my own money
How to earn incredible amounts of money with easy to set up side hustles. 
#money #makingmoney #sidehustle #sidehustles #quickcash",shortellis.bsky.social,0,0,0,,quickcash,,#quickcash
3lcgpallvas26,"Got myself a new trophyüèÜ! DEEP POCKETS üí∞. Check out my latest stream on twitch üòÉ! 

www.twitch.tv/mommymiayna

#thefinals #worldtour #stream #twitch #MommyMiayna #flamer #quickcash",marishh.bsky.social,0,0,0,https://www.twitch.tv/mommymiayna,quickcash,,#quickcash
3lc46maaazk22,"Check out my second stream üòÉüî•‚ù§Ô∏è! Still figuring out stuff with the streaming üòÑüôà.

www.twitch.tv/mommymiayna/...

#thefinals #worldtour #stream #twitch #MommyMiayna #flamer #quickcash",marishh.bsky.social,0,0,0,https://www.twitch.tv/mommymiayna/v/2313973562?sr=a&t=2265s,quickcash,,#quickcash
3lbxmtfmync25,"My first stream test on Twitch, go check it out üòÉ! 

www.twitch.tv/mommymiayna/...

#thefinals #quickcash #twitch #streaming",marishh.bsky.social,0,0,0,https://www.twitch.tv/mommymiayna/v/2312675643?sr=a&t=709s,quickcash,,#quickcash
3lmkwkiqcbk27,"Good afternoon, ya'll! Ill be streaming Friday night Finals content tonight at 8PM EST! Come hang out in the lounge and smoke a doobie with us!! We'll be continuing to improve my sniping game in quickcash!

www.twitch.tv/zakereus",zakereus.bsky.social,0,0,0,https://www.twitch.tv/zakereus,quickcash,,quickcash
3lm4v2bo5tk2e,"I exceeded my season goal of top 10,000 in quickcash üí™ Im gonna keep going and see how far I can get!!
#thefinals #fps #season6

Follow me on twitch for more content! >>>>>>>>>>>
www.twitch.tv/zakereus",zakereus.bsky.social,0,0,0,https://www.twitch.tv/zakereus,quickcash,,quickcash
3lnu4j5rruk2y,"üéâ It's Instant Week on #YOLO247! üéÆ‚ú®

Time to dive into the thrill with games like Aviator, Mines, Plinko X, Hamster Mania, JetX, and many more! üöÄ

Quick moves, instant wins, unlimited fun!üî•

Start playing now via link in bio.

#InstantGames #GamingLife #PlayAndEarn #GamingGoals #EasyMoney",yolo247officialin.bsky.social,0,0,0,,easymoney,,#easymoney
3lno5ww2hvz2v,"üòÇ You can STILL get 10/1 odds on the #Reform fella‚ÄºÔ∏è #JustSaying #EasyMoney
#CambsPboroCA #CombinedAuthority #CambsMayoralElection2025 #MayoralElection #Peterborough #Cambridgeshire #PaulBristow #Conservatives #RyanCoogan #ReformUK #LornaDupr√© #LibDems #BobEnsch #GreenParty #AnnaSmith #LabourParty",darrenfower.bsky.social,0,0,0,,easymoney,,#easymoney
3lnnf3tqfhs2k,#Pope #CatholicChurch #PopeFrancis #StPetersBasilica #Vatican #Mourners #Catholics #Coffin #PapalAltar #WickedWeekend #OverTimePay #MSM #MainStreamMedia #EasyMoney,darrenfower.bsky.social,0,0,0,,easymoney,,#easymoney
3lniwlzqydz2h,"Discreet, safe, and profitable! Xniffy lets you sell worn underwear with zero fees‚Äîyour 100% profit awaits. Try it üëâ xniffy.com #EasyMoney #Privacy",xniffy.bsky.social,0,0,0,,easymoney,,#easymoney
3lnd4m753kl2m,Got well-loved underwear or socks? Buyers are waiting! Xniffy makes selling easy. Try free at xniffy.com #EasyMoney #UsedClothing,xniffy.bsky.social,0,0,0,,easymoney,,#easymoney
3ln6zdhv5d222,"I made residual income this week while binge-watching Netflix.
No sales. No inventory. Just smart strategy.
Want in?
#SideHustle #AffiliateMarketing #MakeMoneyOnline #easymoney",earningmoneyonline.bsky.social,0,0,0,,easymoney,,#easymoney
3ln5yrwkg2s2m,"@trouw.nl 
#easymoney #krentenuitdepap #nietlullenmaarpoetsen ook als het moeilijk is voor zowel hulpvrager als hulpverlener üëä
www.trouw.nl/zorg/menzis-...",florina60.bsky.social,0,0,0,https://www.trouw.nl/zorg/menzis-dwingt-ggz-aanbieders-om-complexe-patienten-te-accepteren~b8aee2b9/,easymoney,,#easymoney
3ln3suojomk2d,"If it‚Äôs been months (or years) since you used that ATV or motorcycle, it might be time to cash out. We‚Äôll give you a fair price and make selling it easy from start to finish at Cash-For-That.com!üöóüíµ
#VehicleBuyer #GetAnOffer #CashOffers #EasyMoney",cash-for-that.bsky.social,0,0,0,,easymoney,,#easymoney
3lmzzoai36r2q,"Do you want to work from home without investing anything?
Thousands of people are already doing it.
Do you have a smartphone? Then you can start today.

üì≤ Link in bio to start immediately.

#earnonline #workfromhome #easymoney #chaturbate #earnnow #linkinbio",owmodel.bsky.social,0,0,0,,easymoney,,#easymoney
3lmzxpbvdwc2d,"This promo is back until after 4/30!    Earn $25, and $25 per referral for a limited time!  Super easy money!

Feel free to message me with any questions!

#Money #Promo #SideHustles #MakeMoneyOnline #EasyMoney",thecosmicwizard.bsky.social,0,0,0,,easymoney,,#easymoney
3lmz2ybbuv227,"Download the Prime Opinion app and redeem the code CWTASO within 24 hours of registration to receive a 10% bonus for 24 hours. This is a top app for earning money with surveys. It works very well.
#earnmoneyonline #surveys #easymoney #money 
primeopinion.com/register?ref...",marcelloofficial.bsky.social,0,0,0,https://primeopinion.com/register?ref=9e234ddf-c735-439f-85f0-5c9ceac1729a,easymoney,,#easymoney
3lmxjzlpsfg2g,"Underwear + Xniffy = Profit. ü©≤üí∏
That‚Äôs the math. List yours FREE today.
Repost if you‚Äôve sold before‚Äîor comment ‚ÄòNew seller!‚Äô
üëâ xniffy.com #EasyMoney",xniffy.bsky.social,0,0,0,,easymoney,,#easymoney
3lmltu3dq722l,Just got to work. We‚Äôre running canola instead of safflower. Hella easier! #EasyMoney,spartanrob75.bsky.social,0,0,0,,easymoney,,#easymoney
3lmj6ew24xs2o,"Free $5 just for opening an account!  Extra $50 for us both if you direct deposit at least $100!

msha.ke/cashflowrefe...

#FreeStuff #EasyMoney #SideHustles #makemoneyfromyourphone #Referral #Promo #Signup #Bonus #onlinesidehustleforbeginners #freemoney #instantcashout",thecosmicwizard.bsky.social,0,0,0,https://msha.ke/cashflowreferrals#money-lion-promo,easymoney,,#easymoney
3lmizvtvnds2f,"bsky.app/profile/kayr...

#FreeStuff #EasyMoney #SideHustles #makemoneyfromyourphone #Referral #Promo #Signup #Bonus #getpaidtoshop #onlinesidehustleforbeginners #freemoney #instantcashout",kayracingstars.bsky.social,0,0,0,https://bsky.app/profile/kayracingstars.bsky.social/post/3lmixzrzlfc2q,easymoney,,#easymoney
3lmhkvifnos2u,"And all them fat cats, they just think it‚Äôs funny. #EasyMoney",macreenadoyle.bsky.social,0,0,0,,easymoney,,#easymoney
3lmazw6dzic2f,"Woot just redeemed another Amazon gift card!  

Who else want's free gift cards?

msha.ke/cashflowrefe...

#FreeStuff #EasyMoney #SideHustles #makemoneyfromyourphone #Referral #Promo #Signup #Bonus #getpaidtoshop #onlinesidehustleforbeginners #freemoney #instantcashout",thecosmicwizard.bsky.social,0,0,0,https://msha.ke/cashflowreferrals#flash-app-easy-gift-cards,easymoney,,#easymoney
3lmavodjzqk2f,"Free $5 just for opening an account!  Extra $50 for us both if you DD at least $100!

msha.ke/cashflowrefe...

#FreeStuff #EasyMoney #SideHustles #makemoneyfromyourphone #Referral #Promo #Signup #Bonus #onlinesidehustleforbeginners #freemoney #instantcashout",thecosmicwizard.bsky.social,0,0,0,https://msha.ke/cashflowreferrals#money-lion-promo,easymoney,,#easymoney
3lmasin7l3c2f,"Easy ways to earn!  Scan a receipt to earn $20, and more!

More info! üëá 
msha.ke/cashflowrefe...

Message me if you have questions!

#FreeStuff #EasyMoney #SideHustles #makemoneyfromyourphone #Referral #Promo #Signup #Bonus #getpaidtoshop #onlinesidehustleforbeginners #freemoney #instantcashout",thecosmicwizard.bsky.social,0,0,0,https://msha.ke/cashflowreferrals#big-cash-web-instant-cashout,easymoney,,#easymoney
3lm6lfuk3rc2e,"Who want's INSTANT CASHOUT!?!?!  $15 per referral!
Earn easy money!!! üî• 

msha.ke/cashflowrefe...

#FreeStuff #EasyMoney #SideHustles #makemoneyfromyourphone #Referral #Promo #Signup #Bonus #getpaidtoshop #onlinesidehustleforbeginners #freemoney #everyonefollowers #highlighteveryone #instantcashout",thecosmicwizard.bsky.social,0,0,0,https://msha.ke/cashflowreferrals#big-cash-web-instant-cashout,easymoney,,#easymoney
