post_id,text,creator,expected_label,predicted_label,scam_probability,correct,explanation,method,confidence
3lnzywdjlfz2v,"Relationship capital is everything.

The more prob...",travisclaywells.bsky.social,not_scam,not_scam,0.0,True,No suspicious patterns detected,regex_patterns,85
3lnyqqe553n27,#makemoney #money #earn,tdlcoop.bsky.social,not_scam,not_scam,0.0,True,No suspicious patterns detected,regex_patterns,60
3lnyqqb277a25,#affiliatemarketing #workfromhome #makemoney,tdlcoop.bsky.social,not_scam,not_scam,0.0,True,No suspicious patterns detected,regex_patterns,70
3lnydgf3mhj2v,Agents who understand investing bring real power t...,travisclaywells.bsky.social,not_scam,not_scam,0.0,True,No suspicious patterns detected,regex_patterns,85
3lnxxsv223c2p,Feeling overwhelmed by the pace of AI and automati...,stephengpope.bsky.social,not_scam,not_scam,0.0,True,No suspicious patterns detected,regex_patterns,90
3lnxxdc3nac2d,Whats better than talking sh*t on social media? Ge...,joinacop.bsky.social,scam,not_scam,0.0,False,No suspicious patterns detected,regex_patterns,85
3lnxexus7om2h,"Most agents chase buyers and sellersâ€¦

We trained ...",travisclaywells.bsky.social,not_scam,not_scam,0.0,True,No suspicious patterns detected,regex_patterns,85
3lnwsbvqphk2t,"#Watch #MyVideos on #Onlyfans

onlyfans.com/makith...",makitreal.bsky.social,not_scam,not_scam,0.0,True,No suspicious patterns detected,regex_patterns,85
3lnvxzmcqim2g,Will you own your cityâ€™s caffeine rush with ready-...,stankad.bsky.social,not_scam,not_scam,0.0,True,No suspicious patterns detected,regex_patterns,85
3lnvswfan4u2w,"When it comes to land deals, itâ€™s not about ARV or...",travisclaywells.bsky.social,not_scam,not_scam,0.0,True,No suspicious patterns detected,regex_patterns,85
3lo33h25uyk23,ðŸŒŸ Join the â­ï¸Temu Affiliate Programâ­ï¸ today and un...,digitalworldpsp.bsky.social,not_scam,not_scam,0.0,True,Matched patterns: hashtags: #(?:earnmoneyonline|earnfromhome|quickcash|easymoney|fastcash|getpaid|paidinstantly|passiveincome|reviewandearn|likeandgetpaid|payperlike|clicktask|paysurvey|dmforinfo|linkinbio|telegramlink|whatsappme|100aday|500aweek|5kmonth)\b,regex_patterns,70
3lo32xuyy4k22,We waited patiently for the Reaganomics trickle do...,damienhalme.bsky.social,not_scam,not_scam,0.0,True,No suspicious patterns detected,regex_patterns,90
3lo2gt2qeduz2,Join me on MIRL ðŸŒ the worldâ€™s first social app whe...,seb-tmg.mastodon.cosmicnation.co.ap.brid.gy,not_scam,not_scam,0.0,True,No suspicious patterns detected,regex_patterns,80
3lnradrdra62x,#crypto #earnmoney #makemoney,tdlcoop.bsky.social,not_scam,not_scam,0.0,True,No suspicious patterns detected,regex_patterns,70
3lnnl4kekes23,Ysense Earning Website â€“ Legit Way to Make Money O...,shifakha.bsky.social,not_scam,not_scam,0.0,True,No suspicious patterns detected,regex_patterns,70
3lnf3lxhuy222,Poor Cowâ€™s Money Quest! Epic Fruit Delivery Advent...,dreamydinosaurs12.bsky.social,not_scam,not_scam,0.0,True,No suspicious patterns detected,regex_patterns,85
3lnevk7msfk2r,Poor Cowâ€™s Money Quest! Epic Fruit Delivery Advent...,dreamydinosaurs.bsky.social,not_scam,not_scam,0.0,True,No suspicious patterns detected,regex_patterns,85
3lndwywyjnc2s,"Russell Brunson just partnered with usâ€¦

Our digit...",trendify23.bsky.social,not_scam,not_scam,0.0,True,No suspicious patterns detected,regex_patterns,70
3ln73uomezk2f,"linktr.ee/xpugur

#earnonlineÂ #earnmoneyÂ #onlineea...",xpugur.bsky.social,not_scam,not_scam,0.0,True,Matched patterns: hashtags: #(?:earnmoneyonline|earnfromhome|quickcash|easymoney|fastcash|getpaid|paidinstantly|passiveincome|reviewandearn|likeandgetpaid|payperlike|clicktask|paysurvey|dmforinfo|linkinbio|telegramlink|whatsappme|100aday|500aweek|5kmonth)\b,regex_patterns,70
3ln73r36gxs2f,"www.packetshare.io?code=D5653A2...

#earnonlineÂ #e...",xpugur.bsky.social,not_scam,not_scam,0.0,True,Matched patterns: hashtags: #(?:earnmoneyonline|earnfromhome|quickcash|easymoney|fastcash|getpaid|paidinstantly|passiveincome|reviewandearn|likeandgetpaid|payperlike|clicktask|paysurvey|dmforinfo|linkinbio|telegramlink|whatsappme|100aday|500aweek|5kmonth)\b,regex_patterns,70
3ln73ne7jok2f,"mystnodes.co?referral_cod...

#earnonlineÂ #earnmon...",xpugur.bsky.social,not_scam,not_scam,0.0,True,Matched patterns: hashtags: #(?:earnmoneyonline|earnfromhome|quickcash|easymoney|fastcash|getpaid|paidinstantly|passiveincome|reviewandearn|likeandgetpaid|payperlike|clicktask|paysurvey|dmforinfo|linkinbio|telegramlink|whatsappme|100aday|500aweek|5kmonth)\b,regex_patterns,70
3lmmawhkv7k2z,"traffmonetizer.com?aff=1964
bytelixir.com/r/JSJWQV...",xpugur.bsky.social,not_scam,not_scam,0.0,True,No suspicious patterns detected,regex_patterns,70
3lmm7gmtekk2z,"linktr.ee/xpugur
traffmonetizer.com?aff=1964
bytel...",xpugur.bsky.social,scam,not_scam,0.0,False,Matched patterns: hashtags: #(?:earnmoneyonline|earnfromhome|quickcash|easymoney|fastcash|getpaid|paidinstantly|passiveincome|reviewandearn|likeandgetpaid|payperlike|clicktask|paysurvey|dmforinfo|linkinbio|telegramlink|whatsappme|100aday|500aweek|5kmonth)\b,regex_patterns,85
3lmlysp5gbc2v,"Make Money Online 2025: Top Digital Platforms
Read...",trendingbaat.bsky.social,not_scam,not_scam,0.0,True,No suspicious patterns detected,regex_patterns,70
3lm2tqdaf5c2l,What if I told you you could earn 7 streams of inc...,earningmoneyonline.bsky.social,scam,not_scam,0.0,False,Matched patterns: hashtags: #(?:earnmoneyonline|earnfromhome|quickcash|easymoney|fastcash|getpaid|paidinstantly|passiveincome|reviewandearn|likeandgetpaid|payperlike|clicktask|paysurvey|dmforinfo|linkinbio|telegramlink|whatsappme|100aday|500aweek|5kmonth)\b,regex_patterns,90
3llzhb275ys2y,Want to know which is the best suitable website fo...,izoatetech.bsky.social,not_scam,not_scam,0.0,True,No suspicious patterns detected,regex_patterns,85
3llx4onkpes2d,"ðŸ“£ Calling all crypto enthusiasts! ðŸ“£
Become a P2P m...",bingxpolska.bsky.social,not_scam,not_scam,0.0,True,No suspicious patterns detected,regex_patterns,70
3lo2txlipxz2c,Direct mail might feel expensive upfront... but re...,travisclaywells.bsky.social,not_scam,not_scam,0.0,True,No suspicious patterns detected,regex_patterns,85
3lo2f3onrlc2d,Do you want to #earn tremendous amounts of #money ...,shoppingz1.bsky.social,scam,scam,0.4,True,Contains call-to-action phrases. Matched patterns: hashtags: #(?:earnmoneyonline|earnfromhome|quickcash|easymoney|fastcash|getpaid|paidinstantly|passiveincome|reviewandearn|likeandgetpaid|payperlike|clicktask|paysurvey|dmforinfo|linkinbio|telegramlink|whatsappme|100aday|500aweek|5kmonth)\b,regex_patterns,95
3lo2by4g6kc2z,Get paid to stay home with your pets.  No more exc...,joinacop.bsky.social,scam,scam,0.4,True,Contains call-to-action phrases,regex_patterns,85
3lnutc3kugv2i,Wholetails move FAST when you build the right team...,travisclaywells.bsky.social,not_scam,not_scam,0.0,True,No suspicious patterns detected,regex_patterns,85
3lnskcaw2wk23,Have multiple exit strategies and know how to pivo...,travisclaywells.bsky.social,not_scam,not_scam,0.0,True,No suspicious patterns detected,regex_patterns,90
3lnqsznh7z52k,"Buying land? Donâ€™t comp it like a house, value it ...",travisclaywells.bsky.social,not_scam,not_scam,0.0,True,No suspicious patterns detected,regex_patterns,90
3lnqs2f7qq32g,Turn your worn underwear into cash effortlessly! X...,xniffy.bsky.social,not_scam,not_scam,0.0,True,No suspicious patterns detected,regex_patterns,80
3llsplhtnh22o,"The ""Billionaire Brain Wave"" refers to a concept o...",janniferrlouis.bsky.social,scam,not_scam,0.0,False,No suspicious patterns detected,regex_patterns,85
3llh44hxauc2f,VivaMk Networking U.K. #online #business #onlinebu...,vivamk.bsky.social,not_scam,not_scam,0.0,True,No suspicious patterns detected,regex_patterns,70
3ll4ip7ybn22k,"ðŸŽ¦Overtake Social Campaign 
ðŸŽGet 4000 AP > Reward (...",juissynft.bsky.social,not_scam,not_scam,0.0,True,No suspicious patterns detected,regex_patterns,70
3ll2vxuo6u22p,"Only works if you take action!

Linktr.ee/colleenm...",colleensahm.bsky.social,not_scam,not_scam,0.0,True,No suspicious patterns detected,regex_patterns,70
3lkzytieukc2t,#AffiliateMarketing #MakeMoneyOnline #DigitalMarke...,neosferaconsulting.bsky.social,not_scam,not_scam,0.0,True,Matched patterns: hashtags: #(?:earnmoneyonline|earnfromhome|quickcash|easymoney|fastcash|getpaid|paidinstantly|passiveincome|reviewandearn|likeandgetpaid|payperlike|clicktask|paysurvey|dmforinfo|linkinbio|telegramlink|whatsappme|100aday|500aweek|5kmonth)\b,regex_patterns,70
3lkyqfrz3tk2g,#MoneyLion #Money #Cashback #Investing #EarnMoney ...,thecosmicwizard.bsky.social,not_scam,not_scam,0.0,True,Matched patterns: hashtags: #(?:earnmoneyonline|earnfromhome|quickcash|easymoney|fastcash|getpaid|paidinstantly|passiveincome|reviewandearn|likeandgetpaid|payperlike|clicktask|paysurvey|dmforinfo|linkinbio|telegramlink|whatsappme|100aday|500aweek|5kmonth)\b,regex_patterns,70
3lktawpc3ds25,"Donâ€™t Let This Economy Keep You Stuck!
If youâ€™re s...",dweller.bsky.social,not_scam,not_scam,0.0,True,No suspicious patterns detected,regex_patterns,70
3lkpqxm6jns2c,ðŸ’‰ Earn $1200 with the BioLife New Donor Coupon 202...,plasmapaychart.bsky.social,not_scam,not_scam,0.0,True,No suspicious patterns detected,regex_patterns,85
3lknjkzvybk2v,"ðŸ’€$XOS First Solana L2 Project 
Funding $55Million
...",juissynft.bsky.social,not_scam,not_scam,0.0,True,No suspicious patterns detected,regex_patterns,70
3lklnshilyn24,ðŸŽ Get free gift cards for discovering things onlin...,lwrestoration.bsky.social,not_scam,not_scam,0.0,True,No suspicious patterns detected,regex_patterns,80
3lkkzfomyls2x,"Bio for Bluesky (BSky):

ðŸ’‰ Earn up to $900 with Bi...",plasmapaychart.bsky.social,not_scam,not_scam,0.0,True,No suspicious patterns detected,regex_patterns,85
3lkkmjcn4fk2l,$600 in just 3 plasma donations with BioLife Coupo...,plasmapaychart.bsky.social,not_scam,not_scam,0.0,True,No suspicious patterns detected,regex_patterns,85
3lkim56yktc2u,"Leg direkt Los!
Ratgeber, Werbematerial und Co. gi...",cbdhexe.bsky.social,not_scam,not_scam,0.0,True,No suspicious patterns detected,regex_patterns,70
3lk7nvhszz22e,TopSurveys is a new survey site where you won't ge...,surveypolice.bsky.social,not_scam,scam,0.7,False,Contains suspicious earnings claims. Matched patterns: no_barrier: instant payout,regex_patterns,70
3lk7bz3trjc2l,Check out @wds37.bsky.social profile on www.lokdx....,lokdx.bsky.social,not_scam,not_scam,0.0,True,No suspicious patterns detected,regex_patterns,80
3lnqqsar4sc24,Cartoon rugs went from hobby to six-month waitlist...,stankad.bsky.social,not_scam,not_scam,0.0,True,No suspicious patterns detected,regex_patterns,90
3lnqfgutuka2h,"Land deals scare most investors, too many unknowns...",travisclaywells.bsky.social,not_scam,not_scam,0.0,True,No suspicious patterns detected,regex_patterns,85
3lnocgp4fdh2y,Worried about double closing fees? #realestate #ma...,travisclaywells.bsky.social,not_scam,not_scam,0.0,True,No suspicious patterns detected,regex_patterns,85
3lnnxhgqmrc2f,Get paid to spill the tea about all of your favori...,joinacop.bsky.social,not_scam,not_scam,0.0,True,No suspicious patterns detected,regex_patterns,70
3lnnis7gaja2w,Want to spot land deals before anyone else? #makem...,travisclaywells.bsky.social,not_scam,not_scam,0.0,True,No suspicious patterns detected,regex_patterns,85
3lnlrwjfn5j2y,Land splits arenâ€™t one-size-fits-all #realestate #...,travisclaywells.bsky.social,not_scam,not_scam,0.0,True,No suspicious patterns detected,regex_patterns,85
3lnky6aj7cy2q,Most of the deals? They come from direct-to-seller...,travisclaywells.bsky.social,not_scam,not_scam,0.0,True,No suspicious patterns detected,regex_patterns,85
3lnjblywoas2k,Are you the sniper who builds agent partnerships f...,travisclaywells.bsky.social,not_scam,not_scam,0.0,True,No suspicious patterns detected,regex_patterns,85
3lnj65noax22h,"8 Summer Jobs for Teenagers Targeting a $4,000 Pay...",softtechhub.bsky.social,not_scam,not_scam,0.0,True,No suspicious patterns detected,regex_patterns,85
3lnihqgwtja23,Real estate isnâ€™t always planned itâ€™s discovered #...,travisclaywells.bsky.social,not_scam,not_scam,0.0,True,No suspicious patterns detected,regex_patterns,85
3lngqkf7ej42h,Lost it all. Started over at 30. Now heâ€™s stacking...,travisclaywells.bsky.social,not_scam,not_scam,0.0,True,No suspicious patterns detected,regex_patterns,85
3lnfxttfscz2w,Lowballed and lost the seller? Here's how to save ...,travisclaywells.bsky.social,not_scam,not_scam,0.0,True,No suspicious patterns detected,regex_patterns,85
3lnfrzpnry32m,Got well-worn undies or socks? Buyers want YOURS! ...,xniffy.bsky.social,not_scam,not_scam,0.0,True,No suspicious patterns detected,regex_patterns,85
3lneaem7or62y,"Locked it up at $370k, listed at $450k, and sold i...",travisclaywells.bsky.social,not_scam,not_scam,0.0,True,No suspicious patterns detected,regex_patterns,85
3lndqsb32qa23,Just because it doesnâ€™t fit the usual boxes doesnâ€™...,travisclaywells.bsky.social,not_scam,not_scam,0.0,True,No suspicious patterns detected,regex_patterns,80
3lnckqrytyc2l,ðŸ†•Sell done-for-you PDF guides onlineðŸ¤– Let AI do th...,bestsidehustle.bsky.social,scam,not_scam,0.0,False,Matched patterns: hashtags: #(?:earnmoneyonline|earnfromhome|quickcash|easymoney|fastcash|getpaid|paidinstantly|passiveincome|reviewandearn|likeandgetpaid|payperlike|clicktask|paysurvey|dmforinfo|linkinbio|telegramlink|whatsappme|100aday|500aweek|5kmonth)\b,regex_patterns,85
3lnc7muwhf52f,"Design your perfect sandals!

#CustomSandals #Crea...",stankad.bsky.social,not_scam,not_scam,0.0,True,No suspicious patterns detected,regex_patterns,85
3lnbodbxgxs24,Often overlooked but great income for musicians. L...,quizand.bsky.social,not_scam,not_scam,0.0,True,No suspicious patterns detected,regex_patterns,70
3lnbo6t4kg224,Discover all the free and complete details about a...,quizand.bsky.social,not_scam,not_scam,0.0,True,No suspicious patterns detected,regex_patterns,70
3lnbm5efwwc2m,"88 ways to make money, all free and complete at ne...",quizand.bsky.social,scam,not_scam,0.0,False,Matched patterns: hashtags: #(?:earnmoneyonline|earnfromhome|quickcash|easymoney|fastcash|getpaid|paidinstantly|passiveincome|reviewandearn|likeandgetpaid|payperlike|clicktask|paysurvey|dmforinfo|linkinbio|telegramlink|whatsappme|100aday|500aweek|5kmonth)\b,regex_patterns,85
3lnb2pxms5z2w,9 Remote Side Gigs That Pay Over $35 an Hour in 20...,sidehustlefacts.bsky.social,not_scam,not_scam,0.0,True,No suspicious patterns detected,regex_patterns,85
3lnawxmxdex2y,Stop using ARV to justify overpaying #realestate #...,travisclaywells.bsky.social,not_scam,not_scam,0.0,True,No suspicious patterns detected,regex_patterns,90
3ln76qd2btq23,I donâ€™t use novation agreements upfront #realestat...,travisclaywells.bsky.social,not_scam,not_scam,0.0,True,No suspicious patterns detected,regex_patterns,90
3ln3uxu6lxx2c,"Trying to talk novation with an agent?Â 

Most will...",travisclaywells.bsky.social,not_scam,not_scam,0.0,True,No suspicious patterns detected,regex_patterns,85
3lnio2ftg322x,You can earn up to 60% commission just by sharing ...,tariqnuman.bsky.social,not_scam,not_scam,0.0,True,Matched patterns: hashtags: #(?:earnmoneyonline|earnfromhome|quickcash|easymoney|fastcash|getpaid|paidinstantly|passiveincome|reviewandearn|likeandgetpaid|payperlike|clicktask|paysurvey|dmforinfo|linkinbio|telegramlink|whatsappme|100aday|500aweek|5kmonth)\b,regex_patterns,70
3ln73pfsbtk2f,"link.repocket.com/UrS1

#onlineearningÂ #onlineearn...",xpugur.bsky.social,not_scam,not_scam,0.0,True,Matched patterns: hashtags: #(?:earnmoneyonline|earnfromhome|quickcash|easymoney|fastcash|getpaid|paidinstantly|passiveincome|reviewandearn|likeandgetpaid|payperlike|clicktask|paysurvey|dmforinfo|linkinbio|telegramlink|whatsappme|100aday|500aweek|5kmonth)\b,regex_patterns,70
3ln73kwvjpk2f,"app.getgrass.io/register/?re...

#onlinemoneyÂ #onl...",xpugur.bsky.social,not_scam,not_scam,0.0,True,Matched patterns: hashtags: #(?:earnmoneyonline|earnfromhome|quickcash|easymoney|fastcash|getpaid|paidinstantly|passiveincome|reviewandearn|likeandgetpaid|payperlike|clicktask|paysurvey|dmforinfo|linkinbio|telegramlink|whatsappme|100aday|500aweek|5kmonth)\b,regex_patterns,70
3ln73hhfoss2f,"bytelixir.com/r/JSJWQVX9SNP3

Â #incomeonlineÂ #earn...",xpugur.bsky.social,not_scam,not_scam,0.0,True,Matched patterns: hashtags: #(?:earnmoneyonline|earnfromhome|quickcash|easymoney|fastcash|getpaid|paidinstantly|passiveincome|reviewandearn|likeandgetpaid|payperlike|clicktask|paysurvey|dmforinfo|linkinbio|telegramlink|whatsappme|100aday|500aweek|5kmonth)\b,regex_patterns,70
3ln73faln5c2f,"traffmonetizer.com?aff=1964

#HoneygainÂ #iproyalÂ #...",xpugur.bsky.social,not_scam,not_scam,0.0,True,Matched patterns: hashtags: #(?:earnmoneyonline|earnfromhome|quickcash|easymoney|fastcash|getpaid|paidinstantly|passiveincome|reviewandearn|likeandgetpaid|payperlike|clicktask|paysurvey|dmforinfo|linkinbio|telegramlink|whatsappme|100aday|500aweek|5kmonth)\b,regex_patterns,70
3lmukhl4rnj2z,ð—ªð—¼ð—¿ð—¸ ð—·ð˜‚ð˜€ð˜ ðŸ®-ðŸ¯ ð—µð—¼ð˜‚ð—¿ð˜€ ð—® ð—±ð—®ð˜† ð—®ð—»ð—± ð—²ð—®ð—¿ð—» ðŸ­ðŸ¬ðŸ¬% ð—°ð—¼ð—ºð—ºð—¶ð˜€ð˜€ð—¶ð—¼ð—»...,karimch.bsky.social,scam,scam,0.4,True,Contains call-to-action phrases. Matched patterns: hashtags: #(?:earnmoneyonline|earnfromhome|quickcash|easymoney|fastcash|getpaid|paidinstantly|passiveincome|reviewandearn|likeandgetpaid|payperlike|clicktask|paysurvey|dmforinfo|linkinbio|telegramlink|whatsappme|100aday|500aweek|5kmonth)\b,regex_patterns,95
3lmnjpv4muv2f,#HighRents #EarnFromHome #OnlineWork #ContentCreat...,owmodel.bsky.social,not_scam,not_scam,0.0,True,Matched patterns: hashtags: #(?:earnmoneyonline|earnfromhome|quickcash|easymoney|fastcash|getpaid|paidinstantly|passiveincome|reviewandearn|likeandgetpaid|payperlike|clicktask|paysurvey|dmforinfo|linkinbio|telegramlink|whatsappme|100aday|500aweek|5kmonth)\b,regex_patterns,80
3lmmtryfhde2s,Want to earn extra income without leaving home? Wo...,kaizenadvance.bsky.social,not_scam,scam,0.4,False,Contains call-to-action phrases. Matched patterns: hashtags: #(?:earnmoneyonline|earnfromhome|quickcash|easymoney|fastcash|getpaid|paidinstantly|passiveincome|reviewandearn|likeandgetpaid|payperlike|clicktask|paysurvey|dmforinfo|linkinbio|telegramlink|whatsappme|100aday|500aweek|5kmonth)\b,regex_patterns,70
3lm44zpyizs2t,"JOBðŸ‘‰ usjob.top 
Apply NowðŸ‘† Only for US ðŸ‡ºðŸ‡¸ Earn $17...",exvori.bsky.social,not_scam,not_scam,0.1,True,Contains call-to-action phrases. Matched patterns: hashtags: #(?:earnmoneyonline|earnfromhome|quickcash|easymoney|fastcash|getpaid|paidinstantly|passiveincome|reviewandearn|likeandgetpaid|payperlike|clicktask|paysurvey|dmforinfo|linkinbio|telegramlink|whatsappme|100aday|500aweek|5kmonth)\b,regex_patterns,70
3ll2xcceac22x,"Turn Naptime Into Income! ðŸ’°ðŸ’»

Busy mom? Earn daily...",karimch.bsky.social,scam,scam,0.4,True,Contains call-to-action phrases. Matched patterns: hashtags: #(?:earnmoneyonline|earnfromhome|quickcash|easymoney|fastcash|getpaid|paidinstantly|passiveincome|reviewandearn|likeandgetpaid|payperlike|clicktask|paysurvey|dmforinfo|linkinbio|telegramlink|whatsappme|100aday|500aweek|5kmonth)\b,regex_patterns,90
3lkhbt4eq5c2c,#earnfromhome #earnonline AND/OR #advertising #adv...,rukun-rutakus.bsky.social,not_scam,not_scam,0.0,True,Matched patterns: hashtags: #(?:earnmoneyonline|earnfromhome|quickcash|easymoney|fastcash|getpaid|paidinstantly|passiveincome|reviewandearn|likeandgetpaid|payperlike|clicktask|paysurvey|dmforinfo|linkinbio|telegramlink|whatsappme|100aday|500aweek|5kmonth)\b,regex_patterns,80
3lk7gwnlkn22a,Referral Program vs. Dropshipping â€“ Which is More ...,spreadsheetshub.com,scam,not_scam,0.0,False,Matched patterns: hashtags: #(?:earnmoneyonline|earnfromhome|quickcash|easymoney|fastcash|getpaid|paidinstantly|passiveincome|reviewandearn|likeandgetpaid|payperlike|clicktask|paysurvey|dmforinfo|linkinbio|telegramlink|whatsappme|100aday|500aweek|5kmonth)\b,regex_patterns,85
3lk2r7hhwpi2t,ðŸš€ Your AI-powered side hustle starts NOW! ðŸ’¡  https...,925m.bsky.social,not_scam,not_scam,0.0,True,Matched patterns: hashtags: #(?:earnmoneyonline|earnfromhome|quickcash|easymoney|fastcash|getpaid|paidinstantly|passiveincome|reviewandearn|likeandgetpaid|payperlike|clicktask|paysurvey|dmforinfo|linkinbio|telegramlink|whatsappme|100aday|500aweek|5kmonth)\b,regex_patterns,70
3ljzwal6yw42z,"Work from anywhere, anytime. Your opportunity for ...",kaizenadvance.bsky.social,not_scam,not_scam,0.0,True,Matched patterns: hashtags: #(?:earnmoneyonline|earnfromhome|quickcash|easymoney|fastcash|getpaid|paidinstantly|passiveincome|reviewandearn|likeandgetpaid|payperlike|clicktask|paysurvey|dmforinfo|linkinbio|telegramlink|whatsappme|100aday|500aweek|5kmonth)\b,regex_patterns,70
3ljxwfihdu22d,"ðŸ’¡ ""Earn extra without extra effort.
MOSCAâ€™s revenu...",dweller.bsky.social,scam,scam,0.4,True,Contains call-to-action phrases. Matched patterns: hashtags: #(?:earnmoneyonline|earnfromhome|quickcash|easymoney|fastcash|getpaid|paidinstantly|passiveincome|reviewandearn|likeandgetpaid|payperlike|clicktask|paysurvey|dmforinfo|linkinbio|telegramlink|whatsappme|100aday|500aweek|5kmonth)\b,regex_patterns,90
3ljslcuoatk2k,"How to Earn Money Online from Home ðŸ’»ðŸ’°

âœ… 100% digi...",spreadsheetshub.com,scam,not_scam,0.0,False,Matched patterns: hashtags: #(?:earnmoneyonline|earnfromhome|quickcash|easymoney|fastcash|getpaid|paidinstantly|passiveincome|reviewandearn|likeandgetpaid|payperlike|clicktask|paysurvey|dmforinfo|linkinbio|telegramlink|whatsappme|100aday|500aweek|5kmonth)\b,regex_patterns,90
3ljos3bfo422c,"ðŸš€ ""Build wealth while you sleep.
MOSCAâ€™s revenue s...",dweller.bsky.social,scam,not_scam,0.0,False,Matched patterns: hashtags: #(?:earnmoneyonline|earnfromhome|quickcash|easymoney|fastcash|getpaid|paidinstantly|passiveincome|reviewandearn|likeandgetpaid|payperlike|clicktask|paysurvey|dmforinfo|linkinbio|telegramlink|whatsappme|100aday|500aweek|5kmonth)\b,regex_patterns,85
3liykx4o4ox2o,We're hiring! join our email list for remote jobs!...,sherecruits.bsky.social,not_scam,not_scam,0.1,True,Matched patterns: hashtags: #(?:earnmoneyonline|earnfromhome|quickcash|easymoney|fastcash|getpaid|paidinstantly|passiveincome|reviewandearn|likeandgetpaid|payperlike|clicktask|paysurvey|dmforinfo|linkinbio|telegramlink|whatsappme|100aday|500aweek|5kmonth)\b,regex_patterns,80
3lixpqi7eik2e,#EarnFromHome #nonfollowers #followers #viralvideo,poolrental.xyz,not_scam,not_scam,0.0,True,Matched patterns: hashtags: #(?:earnmoneyonline|earnfromhome|quickcash|easymoney|fastcash|getpaid|paidinstantly|passiveincome|reviewandearn|likeandgetpaid|payperlike|clicktask|paysurvey|dmforinfo|linkinbio|telegramlink|whatsappme|100aday|500aweek|5kmonth)\b,regex_patterns,60
3lhqa5tepv42p,"Online Survey Jobs Work From Home
#OnlineSurveyJob...",responix.bsky.social,not_scam,not_scam,0.0,True,Matched patterns: hashtags: #(?:earnmoneyonline|earnfromhome|quickcash|easymoney|fastcash|getpaid|paidinstantly|passiveincome|reviewandearn|likeandgetpaid|payperlike|clicktask|paysurvey|dmforinfo|linkinbio|telegramlink|whatsappme|100aday|500aweek|5kmonth)\b,regex_patterns,70
3lhoaiianlh2r,"Work smarter, not harder. Explore flexible job opt...",kaizenadvance.bsky.social,not_scam,not_scam,0.0,True,Matched patterns: hashtags: #(?:earnmoneyonline|earnfromhome|quickcash|easymoney|fastcash|getpaid|paidinstantly|passiveincome|reviewandearn|likeandgetpaid|payperlike|clicktask|paysurvey|dmforinfo|linkinbio|telegramlink|whatsappme|100aday|500aweek|5kmonth)\b,regex_patterns,70
3lbncd2fvbc2j,"
The WizBiz Academy>>  bit.ly/3V98uar

#biz #onlin...",learntoearnonline.bsky.social,not_scam,not_scam,0.0,True,Matched patterns: hashtags: #(?:earnmoneyonline|earnfromhome|quickcash|easymoney|fastcash|getpaid|paidinstantly|passiveincome|reviewandearn|likeandgetpaid|payperlike|clicktask|paysurvey|dmforinfo|linkinbio|telegramlink|whatsappme|100aday|500aweek|5kmonth)\b,regex_patterns,70
3lahcrvioq62c,ðŸ‘‰ Want a simple way to make money online? Imagine ...,steadfastmarketers.bsky.social,scam,not_scam,0.0,False,Matched patterns: hashtags: #(?:earnmoneyonline|earnfromhome|quickcash|easymoney|fastcash|getpaid|paidinstantly|passiveincome|reviewandearn|likeandgetpaid|payperlike|clicktask|paysurvey|dmforinfo|linkinbio|telegramlink|whatsappme|100aday|500aweek|5kmonth)\b,regex_patterns,95
3l7gpxqhhvj22,How to Make Money Online for Beginners Without Pay...,softbestreview.bsky.social,not_scam,not_scam,0.0,True,Matched patterns: hashtags: #(?:earnmoneyonline|earnfromhome|quickcash|easymoney|fastcash|getpaid|paidinstantly|passiveincome|reviewandearn|likeandgetpaid|payperlike|clicktask|paysurvey|dmforinfo|linkinbio|telegramlink|whatsappme|100aday|500aweek|5kmonth)\b,regex_patterns,70
3l4jde5xekm23,"Online Jobs Work At Your Home

Looking for flexibl...",maria90.bsky.social,not_scam,scam,0.4,False,Contains call-to-action phrases. Matched patterns: hashtags: #(?:earnmoneyonline|earnfromhome|quickcash|easymoney|fastcash|getpaid|paidinstantly|passiveincome|reviewandearn|likeandgetpaid|payperlike|clicktask|paysurvey|dmforinfo|linkinbio|telegramlink|whatsappme|100aday|500aweek|5kmonth)\b,regex_patterns,70
3lhj5lyka542p,ðŸ’°ðŸ’¤ Want to earn money while you sleep? ðŸŒ™ Itâ€™s not ...,kickengage.bsky.social,scam,not_scam,0.0,False,Matched patterns: hashtags: #(?:earnmoneyonline|earnfromhome|quickcash|easymoney|fastcash|getpaid|paidinstantly|passiveincome|reviewandearn|likeandgetpaid|payperlike|clicktask|paysurvey|dmforinfo|linkinbio|telegramlink|whatsappme|100aday|500aweek|5kmonth)\b,regex_patterns,85
3lhhrtn2ehc2z,"youtu.be/Nbj44Ajp2A8?... 
As a single mone, Carrie...",dailypay4all.bsky.social,not_scam,not_scam,0.0,True,Matched patterns: hashtags: #(?:earnmoneyonline|earnfromhome|quickcash|easymoney|fastcash|getpaid|paidinstantly|passiveincome|reviewandearn|likeandgetpaid|payperlike|clicktask|paysurvey|dmforinfo|linkinbio|telegramlink|whatsappme|100aday|500aweek|5kmonth)\b,regex_patterns,70
3lhe6gxg6oj26,"How to Make Money Online in 2025
#MakeMoneyOnline ...",responix.bsky.social,not_scam,not_scam,0.0,True,Matched patterns: hashtags: #(?:earnmoneyonline|earnfromhome|quickcash|easymoney|fastcash|getpaid|paidinstantly|passiveincome|reviewandearn|likeandgetpaid|payperlike|clicktask|paysurvey|dmforinfo|linkinbio|telegramlink|whatsappme|100aday|500aweek|5kmonth)\b,regex_patterns,70
3lhe6fbddxj26,"9 Proven Ways to Make Money Online
#MakeMoneyOnlin...",responix.bsky.social,not_scam,not_scam,0.0,True,Matched patterns: hashtags: #(?:earnmoneyonline|earnfromhome|quickcash|easymoney|fastcash|getpaid|paidinstantly|passiveincome|reviewandearn|likeandgetpaid|payperlike|clicktask|paysurvey|dmforinfo|linkinbio|telegramlink|whatsappme|100aday|500aweek|5kmonth)\b,regex_patterns,70
3lhbeopnlxm2n,"How to Earn Money Online Without Investment
#MakeM...",responix.bsky.social,not_scam,not_scam,0.0,True,Matched patterns: hashtags: #(?:earnmoneyonline|earnfromhome|quickcash|easymoney|fastcash|getpaid|paidinstantly|passiveincome|reviewandearn|likeandgetpaid|payperlike|clicktask|paysurvey|dmforinfo|linkinbio|telegramlink|whatsappme|100aday|500aweek|5kmonth)\b,regex_patterns,70
3lh4lakit772e,Turn your passion into profit with a side hustle! ...,925m.bsky.social,not_scam,not_scam,0.0,True,Matched patterns: hashtags: #(?:earnmoneyonline|earnfromhome|quickcash|easymoney|fastcash|getpaid|paidinstantly|passiveincome|reviewandearn|likeandgetpaid|payperlike|clicktask|paysurvey|dmforinfo|linkinbio|telegramlink|whatsappme|100aday|500aweek|5kmonth)\b,regex_patterns,70
3lgvwsjr66k2q,Make $100 a day Online Ebook with Resell Rights th...,willowgames.bsky.social,scam,not_scam,0.0,False,Matched patterns: hashtags: #(?:earnmoneyonline|earnfromhome|quickcash|easymoney|fastcash|getpaid|paidinstantly|passiveincome|reviewandearn|likeandgetpaid|payperlike|clicktask|paysurvey|dmforinfo|linkinbio|telegramlink|whatsappme|100aday|500aweek|5kmonth)\b,regex_patterns,85
3lgrodefqf22q,ðŸ’¼ Hate your 9-to-5? Discover how you can earn on Y...,dweller.bsky.social,not_scam,not_scam,0.0,True,Matched patterns: hashtags: #(?:earnmoneyonline|earnfromhome|quickcash|easymoney|fastcash|getpaid|paidinstantly|passiveincome|reviewandearn|likeandgetpaid|payperlike|clicktask|paysurvey|dmforinfo|linkinbio|telegramlink|whatsappme|100aday|500aweek|5kmonth)\b,regex_patterns,70
3lglg4jxri425,We continue signing-up new partners in readiness f...,rodelife.bsky.social,not_scam,not_scam,0.0,True,Matched patterns: hashtags: #(?:earnmoneyonline|earnfromhome|quickcash|easymoney|fastcash|getpaid|paidinstantly|passiveincome|reviewandearn|likeandgetpaid|payperlike|clicktask|paysurvey|dmforinfo|linkinbio|telegramlink|whatsappme|100aday|500aweek|5kmonth)\b,regex_patterns,70
3lgezhy2hjc2i,"Online High Profit Success >>  bit.ly/3WxgMtl

#su...",learntoearnonline.bsky.social,scam,not_scam,0.0,False,Matched patterns: hashtags: #(?:earnmoneyonline|earnfromhome|quickcash|easymoney|fastcash|getpaid|paidinstantly|passiveincome|reviewandearn|likeandgetpaid|payperlike|clicktask|paysurvey|dmforinfo|linkinbio|telegramlink|whatsappme|100aday|500aweek|5kmonth)\b,regex_patterns,85
3lg6mi3726s25,"You need some income? ðŸ’¸

Rated10 makes it easy. Sh...",rated10.bsky.social,not_scam,not_scam,0.0,True,Matched patterns: hashtags: #(?:earnmoneyonline|earnfromhome|quickcash|easymoney|fastcash|getpaid|paidinstantly|passiveincome|reviewandearn|likeandgetpaid|payperlike|clicktask|paysurvey|dmforinfo|linkinbio|telegramlink|whatsappme|100aday|500aweek|5kmonth)\b,regex_patterns,80
3lfrobbnnoc2g,"""Super Affiliate System: From Beginner to Pro in A...",e-business.bsky.social,not_scam,not_scam,0.0,True,Matched patterns: hashtags: #(?:earnmoneyonline|earnfromhome|quickcash|easymoney|fastcash|getpaid|paidinstantly|passiveincome|reviewandearn|likeandgetpaid|payperlike|clicktask|paysurvey|dmforinfo|linkinbio|telegramlink|whatsappme|100aday|500aweek|5kmonth)\b,regex_patterns,70
3lfm723deb225,The Skills You Need To Build Online Business >>> b...,learntoearnonline.bsky.social,not_scam,not_scam,0.0,True,Matched patterns: hashtags: #(?:earnmoneyonline|earnfromhome|quickcash|easymoney|fastcash|getpaid|paidinstantly|passiveincome|reviewandearn|likeandgetpaid|payperlike|clicktask|paysurvey|dmforinfo|linkinbio|telegramlink|whatsappme|100aday|500aweek|5kmonth)\b,regex_patterns,80
3lfkch23o5k2z,Stress free life is the new wave!  Especially when...,sherecruits.bsky.social,not_scam,not_scam,0.0,True,Matched patterns: hashtags: #(?:earnmoneyonline|earnfromhome|quickcash|easymoney|fastcash|getpaid|paidinstantly|passiveincome|reviewandearn|likeandgetpaid|payperlike|clicktask|paysurvey|dmforinfo|linkinbio|telegramlink|whatsappme|100aday|500aweek|5kmonth)\b,regex_patterns,70
3lfbr5vzk632p,Stop dreaming and start earning! Join my Telegram ...,henry641.bsky.social,scam,not_scam,0.0,False,Matched patterns: hashtags: #(?:earnmoneyonline|earnfromhome|quickcash|easymoney|fastcash|getpaid|paidinstantly|passiveincome|reviewandearn|likeandgetpaid|payperlike|clicktask|paysurvey|dmforinfo|linkinbio|telegramlink|whatsappme|100aday|500aweek|5kmonth)\b,regex_patterns,85
3ldvvtgyqsk2l,"ðŸš¨ We're Hiring: Freelance Paid App Reviewer! ðŸš¨

Jo...",abhayaarya.bsky.social,not_scam,not_scam,0.1,True,Contains call-to-action phrases. Matched patterns: hashtags: #(?:earnmoneyonline|earnfromhome|quickcash|easymoney|fastcash|getpaid|paidinstantly|passiveincome|reviewandearn|likeandgetpaid|payperlike|clicktask|paysurvey|dmforinfo|linkinbio|telegramlink|whatsappme|100aday|500aweek|5kmonth)\b,regex_patterns,70
3ldvvl5dxg22l,Looking for a cool work-from-home gig? ðŸ Get paid ...,abhayaarya.bsky.social,scam,scam,0.4,True,Contains call-to-action phrases. Matched patterns: hashtags: #(?:earnmoneyonline|earnfromhome|quickcash|easymoney|fastcash|getpaid|paidinstantly|passiveincome|reviewandearn|likeandgetpaid|payperlike|clicktask|paysurvey|dmforinfo|linkinbio|telegramlink|whatsappme|100aday|500aweek|5kmonth)\b,regex_patterns,85
3ldvvir3wec2l,Looking for a cool work-from-home gig? ðŸŽ¥ Get paid ...,abhayaarya.bsky.social,scam,scam,0.4,True,Contains call-to-action phrases. Matched patterns: hashtags: #(?:earnmoneyonline|earnfromhome|quickcash|easymoney|fastcash|getpaid|paidinstantly|passiveincome|reviewandearn|likeandgetpaid|payperlike|clicktask|paysurvey|dmforinfo|linkinbio|telegramlink|whatsappme|100aday|500aweek|5kmonth)\b,regex_patterns,90
3ldvvfy4fbc2l,Looking for a cool work-from-home gig? ðŸŽ§ Get paid ...,abhayaarya.bsky.social,scam,scam,0.4,True,Contains call-to-action phrases. Matched patterns: hashtags: #(?:earnmoneyonline|earnfromhome|quickcash|easymoney|fastcash|getpaid|paidinstantly|passiveincome|reviewandearn|likeandgetpaid|payperlike|clicktask|paysurvey|dmforinfo|linkinbio|telegramlink|whatsappme|100aday|500aweek|5kmonth)\b,regex_patterns,85
3ldvusz5wpk2l,ðŸ›’ eBay Listing Experts Wanted! Earn $15 Per Listin...,abhayaarya.bsky.social,not_scam,scam,0.4,False,Contains call-to-action phrases. Matched patterns: hashtags: #(?:earnmoneyonline|earnfromhome|quickcash|easymoney|fastcash|getpaid|paidinstantly|passiveincome|reviewandearn|likeandgetpaid|payperlike|clicktask|paysurvey|dmforinfo|linkinbio|telegramlink|whatsappme|100aday|500aweek|5kmonth)\b,regex_patterns,80
3lhzikhks4p2l,#passiveincome #sidehustle #swimmingpool #earnmone...,poolrental.xyz,not_scam,not_scam,0.0,True,Matched patterns: hashtags: #(?:earnmoneyonline|earnfromhome|quickcash|easymoney|fastcash|getpaid|paidinstantly|passiveincome|reviewandearn|likeandgetpaid|payperlike|clicktask|paysurvey|dmforinfo|linkinbio|telegramlink|whatsappme|100aday|500aweek|5kmonth)\b,regex_patterns,70
3lhynufauoc2p,Have you been wanting to earn money online? Look n...,nickdium.bsky.social,not_scam,not_scam,0.0,True,No suspicious patterns detected,regex_patterns,70
3lhsrm3fxv22n,â€¢ getgrass.io earn crypto with your internet conne...,cryptovicr.bsky.social,scam,not_scam,0.0,False,Matched patterns: hashtags: #(?:earnmoneyonline|earnfromhome|quickcash|easymoney|fastcash|getpaid|paidinstantly|passiveincome|reviewandearn|likeandgetpaid|payperlike|clicktask|paysurvey|dmforinfo|linkinbio|telegramlink|whatsappme|100aday|500aweek|5kmonth)\b,regex_patterns,85
3lhbxou6gps2b,"Donâ€™t spend a dime on expensive software.
Here's h...",byt3muse.bsky.social,not_scam,not_scam,0.0,True,No suspicious patterns detected,regex_patterns,85
3lhbxhcg75k2b,30 AI tools could help you earn money. Tech Tips! ...,byt3muse.bsky.social,not_scam,not_scam,0.0,True,No suspicious patterns detected,regex_patterns,70
3lhbqbhefys22,#getgrass #grass #airdrops #airdrop #crypto #rewar...,cryptovicr.bsky.social,not_scam,not_scam,0.0,True,Matched patterns: hashtags: #(?:earnmoneyonline|earnfromhome|quickcash|easymoney|fastcash|getpaid|paidinstantly|passiveincome|reviewandearn|likeandgetpaid|payperlike|clicktask|paysurvey|dmforinfo|linkinbio|telegramlink|whatsappme|100aday|500aweek|5kmonth)\b,regex_patterns,70
3lhaxsbmv7c2i,"âœ¨ What can you do?â€‹
â€‹
ðŸ”¹You can highlight your bran...",adonearth.bsky.social,not_scam,not_scam,0.0,True,No suspicious patterns detected,regex_patterns,80
3lh6trhvrsa2k,"9 Proven Ways to Make Money Online
#MakeMoneyOnlin...",responix.bsky.social,not_scam,not_scam,0.0,True,Matched patterns: hashtags: #(?:earnmoneyonline|earnfromhome|quickcash|easymoney|fastcash|getpaid|paidinstantly|passiveincome|reviewandearn|likeandgetpaid|payperlike|clicktask|paysurvey|dmforinfo|linkinbio|telegramlink|whatsappme|100aday|500aweek|5kmonth)\b,regex_patterns,70
3lh4eq6mvvs2r,How to turn your tech hobby into active income wit...,incomesmag.bsky.social,not_scam,not_scam,0.0,True,No suspicious patterns detected,regex_patterns,90
3lh36d24rjs2w,éŒ¢Sirå…¥æˆ‘å®¶é–€.Lucky snake year_moneys comes to me.  Luc...,minih.bsky.social,not_scam,not_scam,0.0,True,No suspicious patterns detected,regex_patterns,85
3lfq7pmkih42s,Normalize learning a high income skills like tradi...,graciegilber.bsky.social,scam,not_scam,0.0,False,Matched patterns: hashtags: #(?:earnmoneyonline|earnfromhome|quickcash|easymoney|fastcash|getpaid|paidinstantly|passiveincome|reviewandearn|likeandgetpaid|payperlike|clicktask|paysurvey|dmforinfo|linkinbio|telegramlink|whatsappme|100aday|500aweek|5kmonth)\b,regex_patterns,85
3lfkwjazqik2n,I get to live my life on my terms.  Work when I wa...,lynnhuber.bsky.social,not_scam,not_scam,0.0,True,Matched patterns: hashtags: #(?:earnmoneyonline|earnfromhome|quickcash|easymoney|fastcash|getpaid|paidinstantly|passiveincome|reviewandearn|likeandgetpaid|payperlike|clicktask|paysurvey|dmforinfo|linkinbio|telegramlink|whatsappme|100aday|500aweek|5kmonth)\b,regex_patterns,70
3lfhlq22h4s2h,â€¢ Earn crypto with your internet connection ðŸ¤© $GRA...,cryptovicr.bsky.social,scam,not_scam,0.0,False,Matched patterns: hashtags: #(?:earnmoneyonline|earnfromhome|quickcash|easymoney|fastcash|getpaid|paidinstantly|passiveincome|reviewandearn|likeandgetpaid|payperlike|clicktask|paysurvey|dmforinfo|linkinbio|telegramlink|whatsappme|100aday|500aweek|5kmonth)\b,regex_patterns,85
3lf3svhjkjk2t,With ProTrainings you can promote our video online...,protrainings.bsky.social,not_scam,scam,0.4,False,Contains call-to-action phrases,regex_patterns,80
3ler6twazjp2h,"I Earn $11,110.00 Every Month From Multiple Source...",crystalwind.bsky.social,scam,not_scam,0.0,False,Matched patterns: hashtags: #(?:earnmoneyonline|earnfromhome|quickcash|easymoney|fastcash|getpaid|paidinstantly|passiveincome|reviewandearn|likeandgetpaid|payperlike|clicktask|paysurvey|dmforinfo|linkinbio|telegramlink|whatsappme|100aday|500aweek|5kmonth)\b,regex_patterns,85
3lem4iuoap22o,EarnKaro Referral Code - Earn Money By Sharing Sho...,rehanofficial.bsky.social,not_scam,not_scam,0.0,True,No suspicious patterns detected,regex_patterns,70
3lel2jhvtwk2g,"Don't let it slip away | @newtiative.bsky.social 
...",newtiative.bsky.social,not_scam,not_scam,0.0,True,No suspicious patterns detected,regex_patterns,85
3lejuskzmq22r,ðŸŽ‰ Want to earn rewards on TikTok? ðŸ’° It's super eas...,lavandamichelle.bsky.social,not_scam,not_scam,0.0,True,No suspicious patterns detected,regex_patterns,80
3lehl3uboh22p,"medium.com/luminasticit...
As a writer who writes ...",illuminati-ganga.bsky.social,not_scam,not_scam,0.0,True,No suspicious patterns detected,regex_patterns,90
3lef5egtddk2w,"globebuzznow.blogspot.com/2024/12/easy...
#earn #e...",fahadchowdhury.bsky.social,not_scam,not_scam,0.0,True,No suspicious patterns detected,regex_patterns,60
3leckosouw22a,"Strategies For Exit Feature In Probo Probo

Share ...",shiraverse.com,not_scam,not_scam,0.0,True,Matched patterns: hashtags: #(?:earnmoneyonline|earnfromhome|quickcash|easymoney|fastcash|getpaid|paidinstantly|passiveincome|reviewandearn|likeandgetpaid|payperlike|clicktask|paysurvey|dmforinfo|linkinbio|telegramlink|whatsappme|100aday|500aweek|5kmonth)\b,regex_patterns,70
3le7fta6mtc2q,How Taking an IQ Test Could Change Your Life: Disc...,trendposts.bsky.social,not_scam,not_scam,0.0,True,No suspicious patterns detected,regex_patterns,80
3le5kzl6lkc2q,I get to live my life on my terms.  Work when I wa...,lynnhuber.bsky.social,not_scam,not_scam,0.0,True,Matched patterns: hashtags: #(?:earnmoneyonline|earnfromhome|quickcash|easymoney|fastcash|getpaid|paidinstantly|passiveincome|reviewandearn|likeandgetpaid|payperlike|clicktask|paysurvey|dmforinfo|linkinbio|telegramlink|whatsappme|100aday|500aweek|5kmonth)\b,regex_patterns,70
3le5eghildc2h,"Don't let it slip away | @newtiative.bsky.social 
...",newtiative.bsky.social,not_scam,not_scam,0.0,True,No suspicious patterns detected,regex_patterns,85
3ldyhputjoc24,TikTok Recharge Coins Free: 5 legitimate ways to e...,ppc.land,not_scam,not_scam,0.0,True,No suspicious patterns detected,regex_patterns,70
3ldwgxydd5s27,"Earn up to $1,500 in rewards! ðŸ’°
Complete tailored ...",iamaaronnetch.bsky.social,scam,not_scam,0.0,False,No suspicious patterns detected,regex_patterns,85
3ldwgikvom227,"Earn up to $1,500 in rewards! ðŸ’°
Complete tailored ...",iamaaronnetch.bsky.social,scam,not_scam,0.0,False,No suspicious patterns detected,regex_patterns,85
3ldsbhxtdwk2j,"How can I genuinely make money online?
za.gl/b2ZWs...",mahamid.bsky.social,not_scam,not_scam,0.0,True,Matched patterns: hashtags: #(?:earnmoneyonline|earnfromhome|quickcash|easymoney|fastcash|getpaid|paidinstantly|passiveincome|reviewandearn|likeandgetpaid|payperlike|clicktask|paysurvey|dmforinfo|linkinbio|telegramlink|whatsappme|100aday|500aweek|5kmonth)\b,regex_patterns,70
3lmztqp7rcc2i,Discover 15 ways to make money with NLP (Neuro-Lin...,quizand.bsky.social,not_scam,not_scam,0.0,True,No suspicious patterns detected,regex_patterns,80
3lmytrh77bk2t,"ðŸ’¡ Upload audiobooks.
ðŸ’° Earn $25â€“$50 repeatedly.
ðŸ”’ ...",zahidjoney.bsky.social,scam,not_scam,0.0,False,Matched patterns: hashtags: #(?:earnmoneyonline|earnfromhome|quickcash|easymoney|fastcash|getpaid|paidinstantly|passiveincome|reviewandearn|likeandgetpaid|payperlike|clicktask|paysurvey|dmforinfo|linkinbio|telegramlink|whatsappme|100aday|500aweek|5kmonth)\b,regex_patterns,95
3lk6t7pjcsc2t,9-to-5 doesn't define me; my side hustle does! ðŸš€ #...,kickengage.bsky.social,not_scam,not_scam,0.0,True,No suspicious patterns detected,regex_patterns,80
3lk4jk743fk2t,"Turn Live Events Into Cash ðŸ’°
I made money off #Cha...",kickengage.bsky.social,scam,not_scam,0.0,False,No suspicious patterns detected,regex_patterns,90
3ljzxx275uk2x,"ðŸ’° Get $750 to Your Cash Account! ðŸ’°

Shop, play, an...",flavorfusionrecipe.bsky.social,scam,not_scam,0.0,False,Matched patterns: hashtags: #(?:earnmoneyonline|earnfromhome|quickcash|easymoney|fastcash|getpaid|paidinstantly|passiveincome|reviewandearn|likeandgetpaid|payperlike|clicktask|paysurvey|dmforinfo|linkinbio|telegramlink|whatsappme|100aday|500aweek|5kmonth)\b,regex_patterns,95
3ljmoy7ddkc2m,Earn $600 in just 3 plasma donations with BioLife ...,plasmapaychart.bsky.social,not_scam,not_scam,0.0,True,No suspicious patterns detected,regex_patterns,85
3ljemwzzc622i,What do you think? carihargamurah.com/gamehag/ #Ga...,rikakaterina.bsky.social,not_scam,not_scam,0.0,True,No suspicious patterns detected,regex_patterns,70
3lja2wpqsqk22,"â€‹
#adonearth #money #invest #cash #wealth #profits...",adonearth.bsky.social,not_scam,not_scam,0.0,True,Matched patterns: hashtags: #(?:earnmoneyonline|earnfromhome|quickcash|easymoney|fastcash|getpaid|paidinstantly|passiveincome|reviewandearn|likeandgetpaid|payperlike|clicktask|paysurvey|dmforinfo|linkinbio|telegramlink|whatsappme|100aday|500aweek|5kmonth)\b,regex_patterns,70
3lj5tuvwnhr27,#EarnMoney from #Amazon at Home: Ultimate Guide fo...,sidehustlefacts.bsky.social,not_scam,not_scam,0.0,True,No suspicious patterns detected,regex_patterns,70
3lj335xpixc2m,Subscribe Zeeglobalvision (Knowledge) For Informat...,zglobalvision.bsky.social,not_scam,not_scam,0.0,True,Matched patterns: hashtags: #(?:earnmoneyonline|earnfromhome|quickcash|easymoney|fastcash|getpaid|paidinstantly|passiveincome|reviewandearn|likeandgetpaid|payperlike|clicktask|paysurvey|dmforinfo|linkinbio|telegramlink|whatsappme|100aday|500aweek|5kmonth)\b,regex_patterns,85
3lilrfzgous2w,"ADONEARTH is now in Rwanda! ðŸ‡·ðŸ‡¼â€‹
â€‹
Register for fre...",adonearth.bsky.social,not_scam,not_scam,0.0,True,No suspicious patterns detected,regex_patterns,70
3ligpmhurv22a,"**ðŸ’° Earn $300 GUARANTEED! ðŸš€**  

ðŸ”¹ **Sign up on Gu...",shanu118.bsky.social,scam,scam,0.4,True,Contains call-to-action phrases. Matched patterns: hashtags: #(?:earnmoneyonline|earnfromhome|quickcash|easymoney|fastcash|getpaid|paidinstantly|passiveincome|reviewandearn|likeandgetpaid|payperlike|clicktask|paysurvey|dmforinfo|linkinbio|telegramlink|whatsappme|100aday|500aweek|5kmonth)\b,regex_patterns,90
3lh2fhk257k2x,WriteAppReviews.com: Get Paid to Review Apps on Yo...,e-business.bsky.social,scam,not_scam,0.0,False,No suspicious patterns detected,regex_patterns,85
3lgxyclicek2r,#crypto #memecoin #blockchain #trump #usdt #usdtfl...,usdtflash.bsky.social,not_scam,not_scam,0.0,True,No suspicious patterns detected,regex_patterns,70
3lgxigftxwx2k,"9 Proven Ways to Make Money Online
#MakeMoneyOnlin...",responix.bsky.social,not_scam,not_scam,0.0,True,Matched patterns: hashtags: #(?:earnmoneyonline|earnfromhome|quickcash|easymoney|fastcash|getpaid|paidinstantly|passiveincome|reviewandearn|likeandgetpaid|payperlike|clicktask|paysurvey|dmforinfo|linkinbio|telegramlink|whatsappme|100aday|500aweek|5kmonth)\b,regex_patterns,70
3lgv33kmyyc2p,I get to live my life on my terms.  Work when I wa...,lynnhuber.bsky.social,not_scam,not_scam,0.0,True,Matched patterns: hashtags: #(?:earnmoneyonline|earnfromhome|quickcash|easymoney|fastcash|getpaid|paidinstantly|passiveincome|reviewandearn|likeandgetpaid|payperlike|clicktask|paysurvey|dmforinfo|linkinbio|telegramlink|whatsappme|100aday|500aweek|5kmonth)\b,regex_patterns,70
3lgqiggnbhm2y,"Free Gift Card Giveaway

Link in Bio

#GiftCard
#G...",santana871.bsky.social,not_scam,not_scam,0.0,True,Matched patterns: hashtags: #(?:earnmoneyonline|earnfromhome|quickcash|easymoney|fastcash|getpaid|paidinstantly|passiveincome|reviewandearn|likeandgetpaid|payperlike|clicktask|paysurvey|dmforinfo|linkinbio|telegramlink|whatsappme|100aday|500aweek|5kmonth)\b,regex_patterns,70
3lgljz5g2yc25,Gods greatest creation is you | @newtiative.bsky.s...,newtiative.bsky.social,not_scam,not_scam,0.0,True,No suspicious patterns detected,regex_patterns,85
3lgljllme5c2r,"#Fundraiser #Fundraising
#Nonprofit #Charity #tpu ...",thepowerofu.bsky.social,not_scam,not_scam,0.0,True,No suspicious patterns detected,regex_patterns,70
3lgiyryrjtc2i,"2025 is for the girlies!
Learn how to make ðŸ’° from ...",melrose33.bsky.social,not_scam,not_scam,0.0,True,No suspicious patterns detected,regex_patterns,70
3lg4ebu725c2t,10 inspiring real-life stories of people who built...,incomesmag.bsky.social,not_scam,not_scam,0.0,True,Matched patterns: hashtags: #(?:earnmoneyonline|earnfromhome|quickcash|easymoney|fastcash|getpaid|paidinstantly|passiveincome|reviewandearn|likeandgetpaid|payperlike|clicktask|paysurvey|dmforinfo|linkinbio|telegramlink|whatsappme|100aday|500aweek|5kmonth)\b,regex_patterns,85
3lfycyqvxzc2r,Review of Buff Game - Get paid for sharing your ga...,bitcoinblogger.bsky.social,not_scam,not_scam,0.0,True,No suspicious patterns detected,regex_patterns,70
3lmxhr6ixa223,Discover 26 ways for musicians to make real money ...,quizand.bsky.social,not_scam,not_scam,0.0,True,No suspicious patterns detected,regex_patterns,80
3lmuksbz2dk2g,Elevate your #YouTube channel strategy! ðŸŽ¥ Let Avan...,avantgardedigi.com,not_scam,not_scam,0.0,True,No suspicious patterns detected,regex_patterns,85
3lmpyxdgum322,#DoorDashTips #SideHustle #CarPayments #GasSavings...,themarkgshow.bsky.social,not_scam,not_scam,0.0,True,No suspicious patterns detected,regex_patterns,85
3lmoywchmur2p,Tap into the travel market and boost your sales by...,sellthetrend.bsky.social,not_scam,not_scam,0.0,True,No suspicious patterns detected,regex_patterns,85
3lmo5vq6ko22n,Get out of the office for real this time. Start ma...,officeoutlaw.bsky.social,not_scam,not_scam,0.0,True,No suspicious patterns detected,regex_patterns,70
3lmniatuy3k2s,ðŸ“¢ Discover Automators: Amarketplace where creators...,justlaunchedai.bsky.social,not_scam,not_scam,0.0,True,No suspicious patterns detected,regex_patterns,80
3lmm6u43dyk2y,"Master Affiliate Profits >>  bit.ly/4cvKIgq

#make...",learntoearnonline.bsky.social,scam,not_scam,0.0,False,No suspicious patterns detected,regex_patterns,80
3lmigmalims26,"While many settle for 20â€“30$/hour gigs, a growing ...",planetlifehacks.bsky.social,not_scam,not_scam,0.0,True,No suspicious patterns detected,regex_patterns,85
3lmhktchtjq2s,LinkedIn isnâ€™t a toyâ€”itâ€™s a powerful tool for busi...,bigfrograleigh.com,not_scam,not_scam,0.0,True,No suspicious patterns detected,regex_patterns,85
3lmh4xzi4oc2l,Sperm Donation Money: Fast Cash or Hidden Conseque...,nymynet.bsky.social,not_scam,not_scam,0.0,True,No suspicious patterns detected,regex_patterns,80
3lnlw3b5tri22,Need quick access to cash for your home? Access fu...,lendertribune.bsky.social,not_scam,not_scam,0.0,True,Matched patterns: hashtags: #(?:earnmoneyonline|earnfromhome|quickcash|easymoney|fastcash|getpaid|paidinstantly|passiveincome|reviewandearn|likeandgetpaid|payperlike|clicktask|paysurvey|dmforinfo|linkinbio|telegramlink|whatsappme|100aday|500aweek|5kmonth)\b,regex_patterns,90
3lmuwaemuts2s,"Cash-For-That.com buys your RVs, ATVs, motorcycles...",cash-for-that.bsky.social,not_scam,scam,0.7,False,"Contains suspicious earnings claims. Matched patterns: no_barrier: quick cash, hashtags: #(?:earnmoneyonline|earnfromhome|quickcash|easymoney|fastcash|getpaid|paidinstantly|passiveincome|reviewandearn|likeandgetpaid|payperlike|clicktask|paysurvey|dmforinfo|linkinbio|telegramlink|whatsappme|100aday|500aweek|5kmonth)\b",regex_patterns,90
3llykyn6fm22l,"We offer quick appraisals, fast payment, and hassl...",cash-for-that.bsky.social,not_scam,not_scam,0.0,True,Matched patterns: hashtags: #(?:earnmoneyonline|earnfromhome|quickcash|easymoney|fastcash|getpaid|paidinstantly|passiveincome|reviewandearn|likeandgetpaid|payperlike|clicktask|paysurvey|dmforinfo|linkinbio|telegramlink|whatsappme|100aday|500aweek|5kmonth)\b,regex_patterns,85
3lkrxwblylc2j,New Newsletter/Article on Freelance Writing Online...,lawrencedagstine.com,not_scam,not_scam,0.0,True,Matched patterns: hashtags: #(?:earnmoneyonline|earnfromhome|quickcash|easymoney|fastcash|getpaid|paidinstantly|passiveincome|reviewandearn|likeandgetpaid|payperlike|clicktask|paysurvey|dmforinfo|linkinbio|telegramlink|whatsappme|100aday|500aweek|5kmonth)\b,regex_patterns,80
3ljpwyksexk2f,Looking for a reliable pawnshop in South Florida? ...,dixiepawn.bsky.social,not_scam,scam,0.7,False,"Contains suspicious earnings claims. Matched patterns: no_barrier: quick cash, no_barrier: quick cash.*?(today|sign up), hashtags: #(?:earnmoneyonline|earnfromhome|quickcash|easymoney|fastcash|getpaid|paidinstantly|passiveincome|reviewandearn|likeandgetpaid|payperlike|clicktask|paysurvey|dmforinfo|linkinbio|telegramlink|whatsappme|100aday|500aweek|5kmonth)\b",regex_patterns,95
3lhgie47smv2k,"Easy Ways to Make Money Fast
#MakeMoneyFast #EasyM...",responix.bsky.social,scam,not_scam,0.0,False,Matched patterns: hashtags: #(?:earnmoneyonline|earnfromhome|quickcash|easymoney|fastcash|getpaid|paidinstantly|passiveincome|reviewandearn|likeandgetpaid|payperlike|clicktask|paysurvey|dmforinfo|linkinbio|telegramlink|whatsappme|100aday|500aweek|5kmonth)\b,regex_patterns,85
3lhdjomz4ew2m,"Easy Ways to Make Money Fast
#EasyMoney #MakeMoney...",responix.bsky.social,not_scam,not_scam,0.0,True,Matched patterns: hashtags: #(?:earnmoneyonline|earnfromhome|quickcash|easymoney|fastcash|getpaid|paidinstantly|passiveincome|reviewandearn|likeandgetpaid|payperlike|clicktask|paysurvey|dmforinfo|linkinbio|telegramlink|whatsappme|100aday|500aweek|5kmonth)\b,regex_patterns,70
3lgxi546vkk2m,"Easy Ways to Make Money Fast
#MakeMoney #EasyMoney...",responix.bsky.social,not_scam,not_scam,0.0,True,Matched patterns: hashtags: #(?:earnmoneyonline|earnfromhome|quickcash|easymoney|fastcash|getpaid|paidinstantly|passiveincome|reviewandearn|likeandgetpaid|payperlike|clicktask|paysurvey|dmforinfo|linkinbio|telegramlink|whatsappme|100aday|500aweek|5kmonth)\b,regex_patterns,70
3ld4dcpmmd22s,Made a panda with my daughter. The panda is wearin...,marishh.bsky.social,not_scam,not_scam,0.0,True,Matched patterns: hashtags: #(?:earnmoneyonline|earnfromhome|quickcash|easymoney|fastcash|getpaid|paidinstantly|passiveincome|reviewandearn|likeandgetpaid|payperlike|clicktask|paysurvey|dmforinfo|linkinbio|telegramlink|whatsappme|100aday|500aweek|5kmonth)\b,regex_patterns,90
3lcyfuvcnks2c,Finally got GOLD 4 in ranked (The Finals) ! ðŸŽ‰ Just...,marishh.bsky.social,not_scam,not_scam,0.0,True,Matched patterns: hashtags: #(?:earnmoneyonline|earnfromhome|quickcash|easymoney|fastcash|getpaid|paidinstantly|passiveincome|reviewandearn|likeandgetpaid|payperlike|clicktask|paysurvey|dmforinfo|linkinbio|telegramlink|whatsappme|100aday|500aweek|5kmonth)\b,regex_patterns,90
3llx4bxcfsv2q,How to Make Money Fast with Fix and Flip Loans: A ...,lendertribune.bsky.social,not_scam,not_scam,0.0,True,No suspicious patterns detected,regex_patterns,85
3llx2wwinsm2b,#aibusiness #bestaitools #makemoney https://youtu....,docusodes.bsky.social,not_scam,not_scam,0.0,True,No suspicious patterns detected,regex_patterns,70
3llusdqcdv22w,Burger Breakthrough â€“ 70M Views Turn a Single Burg...,stankad.bsky.social,not_scam,not_scam,0.0,True,Matched patterns: hashtags: #(?:earnmoneyonline|earnfromhome|quickcash|easymoney|fastcash|getpaid|paidinstantly|passiveincome|reviewandearn|likeandgetpaid|payperlike|clicktask|paysurvey|dmforinfo|linkinbio|telegramlink|whatsappme|100aday|500aweek|5kmonth)\b,regex_patterns,70
3lltyjmxbu22y,Curious if Swagbucks is a legitimate way to earn r...,empirebuildacademy.com,not_scam,not_scam,0.0,True,No suspicious patterns detected,regex_patterns,85
3lltvc7jyzs2y,Only the people at the top make money?! Scam! Hmmm...,lynnhuber.bsky.social,scam,not_scam,0.0,False,Matched patterns: hashtags: #(?:earnmoneyonline|earnfromhome|quickcash|easymoney|fastcash|getpaid|paidinstantly|passiveincome|reviewandearn|likeandgetpaid|payperlike|clicktask|paysurvey|dmforinfo|linkinbio|telegramlink|whatsappme|100aday|500aweek|5kmonth)\b,regex_patterns,85
3llqzejlru22j,Discover 15 ways to make money with NLP (Neuro-Lin...,quizand.bsky.social,not_scam,not_scam,0.0,True,No suspicious patterns detected,regex_patterns,70
3lloydsvmip2y,"Successful Courses to Financial Gain


Let's evalu...",interbaez61.bsky.social,not_scam,not_scam,0.0,True,No suspicious patterns detected,regex_patterns,70
3kmkm3rfhz32u,Knowledge always gives returns. Never stop learnin...,jitsach.bsky.social,not_scam,not_scam,0.0,True,Matched patterns: hashtags: #(?:earnmoneyonline|earnfromhome|quickcash|easymoney|fastcash|getpaid|paidinstantly|passiveincome|reviewandearn|likeandgetpaid|payperlike|clicktask|paysurvey|dmforinfo|linkinbio|telegramlink|whatsappme|100aday|500aweek|5kmonth)\b,regex_patterns,70
3lhdmjnweu22r,Earn Passive Income from Home: Start Affiliate Mar...,parthpanchal123.bsky.social,not_scam,not_scam,0.0,True,Matched patterns: hashtags: #(?:earnmoneyonline|earnfromhome|quickcash|easymoney|fastcash|getpaid|paidinstantly|passiveincome|reviewandearn|likeandgetpaid|payperlike|clicktask|paysurvey|dmforinfo|linkinbio|telegramlink|whatsappme|100aday|500aweek|5kmonth)\b,regex_patterns,70
3lnnf3cmyh62s,"When finances falter, quick solutions matter. Sell...",fairoffer.org,not_scam,not_scam,0.0,True,Matched patterns: hashtags: #(?:earnmoneyonline|earnfromhome|quickcash|easymoney|fastcash|getpaid|paidinstantly|passiveincome|reviewandearn|likeandgetpaid|payperlike|clicktask|paysurvey|dmforinfo|linkinbio|telegramlink|whatsappme|100aday|500aweek|5kmonth)\b,regex_patterns,90
3lmfz3ppaol2h,"Art on Your Head â€“ Redefining Hairdressing, One Ma...",stankad.bsky.social,not_scam,not_scam,0.0,True,No suspicious patterns detected,regex_patterns,90
3lmfqautd5c2f,I wish I could #MakeMoney from my #art so that I c...,timelike01.bsky.social,not_scam,not_scam,0.0,True,No suspicious patterns detected,regex_patterns,95
3lmf3csp6vs2k,"Fed up of #chargebacks #censorship ?

Here's a #fr...",nsfwsocial.com,not_scam,not_scam,0.0,True,No suspicious patterns detected,regex_patterns,80
3lmf2lmn6tk2y,www.lokdx.com is a free platform for #contentcreat...,lokdx.bsky.social,not_scam,not_scam,0.0,True,No suspicious patterns detected,regex_patterns,80
3lme5ofwhhz2s,HeyCash Review: Is It Legit? My Experience with Ea...,radicalfire.bsky.social,not_scam,not_scam,0.0,True,No suspicious patterns detected,regex_patterns,70
3lmd5pb4w7c2m,"For beginners, the idea of generating income witho...",planetlifehacks.bsky.social,scam,not_scam,0.0,False,Matched patterns: hashtags: #(?:earnmoneyonline|earnfromhome|quickcash|easymoney|fastcash|getpaid|paidinstantly|passiveincome|reviewandearn|likeandgetpaid|payperlike|clicktask|paysurvey|dmforinfo|linkinbio|telegramlink|whatsappme|100aday|500aweek|5kmonth)\b,regex_patterns,80
3lmceugddtc23,New tool alert! ðŸŽ‰ Price your garage sale items lik...,garagesaletime.com,not_scam,not_scam,0.0,True,No suspicious patterns detected,regex_patterns,90
3lma2ykbrxs2t,New tool alert! ðŸŽ‰ Price your garage sale items lik...,garagesaletime.com,not_scam,not_scam,0.0,True,No suspicious patterns detected,regex_patterns,90
3lma2vfjo3s27,Interested in side hustles? Check out 88 Ways to M...,quizand.bsky.social,not_scam,not_scam,0.0,True,No suspicious patterns detected,regex_patterns,80
3lm5isifoce2l,Ever wanted to try being an influencer? Here is yo...,adorenexplore.bsky.social,not_scam,scam,0.4,False,Contains call-to-action phrases. Matched patterns: hashtags: #(?:earnmoneyonline|earnfromhome|quickcash|easymoney|fastcash|getpaid|paidinstantly|passiveincome|reviewandearn|likeandgetpaid|payperlike|clicktask|paysurvey|dmforinfo|linkinbio|telegramlink|whatsappme|100aday|500aweek|5kmonth)\b,regex_patterns,70
3llzyp5zg2l2i,#passiveincome #income #earningapps #earnonline #p...,xpugur.bsky.social,not_scam,not_scam,0.0,True,Matched patterns: hashtags: #(?:earnmoneyonline|earnfromhome|quickcash|easymoney|fastcash|getpaid|paidinstantly|passiveincome|reviewandearn|likeandgetpaid|payperlike|clicktask|paysurvey|dmforinfo|linkinbio|telegramlink|whatsappme|100aday|500aweek|5kmonth)\b,regex_patterns,70
3llzyorexod2i,"earn.fm/ref/XPUG02OG

#passiveincome #income #earn...",xpugur.bsky.social,not_scam,not_scam,0.0,True,Matched patterns: hashtags: #(?:earnmoneyonline|earnfromhome|quickcash|easymoney|fastcash|getpaid|paidinstantly|passiveincome|reviewandearn|likeandgetpaid|payperlike|clicktask|paysurvey|dmforinfo|linkinbio|telegramlink|whatsappme|100aday|500aweek|5kmonth)\b,regex_patterns,70
3llzyne7vid2i,"mystnodes.co?referral_cod... 

#passiveincome #inc...",xpugur.bsky.social,not_scam,not_scam,0.0,True,Matched patterns: hashtags: #(?:earnmoneyonline|earnfromhome|quickcash|easymoney|fastcash|getpaid|paidinstantly|passiveincome|reviewandearn|likeandgetpaid|payperlike|clicktask|paysurvey|dmforinfo|linkinbio|telegramlink|whatsappme|100aday|500aweek|5kmonth)\b,regex_patterns,70
3llzylimt4l2i,"app.getgrass.io/register/?re...

#passiveincome #i...",xpugur.bsky.social,not_scam,not_scam,0.0,True,Matched patterns: hashtags: #(?:earnmoneyonline|earnfromhome|quickcash|easymoney|fastcash|getpaid|paidinstantly|passiveincome|reviewandearn|likeandgetpaid|payperlike|clicktask|paysurvey|dmforinfo|linkinbio|telegramlink|whatsappme|100aday|500aweek|5kmonth)\b,regex_patterns,70
3llzyjslrzd2i,"link.repocket.com/UrS1

#passiveincome #income #ea...",xpugur.bsky.social,not_scam,not_scam,0.0,True,Matched patterns: hashtags: #(?:earnmoneyonline|earnfromhome|quickcash|easymoney|fastcash|getpaid|paidinstantly|passiveincome|reviewandearn|likeandgetpaid|payperlike|clicktask|paysurvey|dmforinfo|linkinbio|telegramlink|whatsappme|100aday|500aweek|5kmonth)\b,regex_patterns,70
3llzyiblgjd2i,"bytelixir.com/r/JSJWQVX9SNP3

#passiveincome #inco...",xpugur.bsky.social,not_scam,not_scam,0.0,True,Matched patterns: hashtags: #(?:earnmoneyonline|earnfromhome|quickcash|easymoney|fastcash|getpaid|paidinstantly|passiveincome|reviewandearn|likeandgetpaid|payperlike|clicktask|paysurvey|dmforinfo|linkinbio|telegramlink|whatsappme|100aday|500aweek|5kmonth)\b,regex_patterns,70
3llzyfqjybt2i,"traffmonetizer.com?aff=1964

#passiveincome #incom...",xpugur.bsky.social,not_scam,not_scam,0.0,True,Matched patterns: hashtags: #(?:earnmoneyonline|earnfromhome|quickcash|easymoney|fastcash|getpaid|paidinstantly|passiveincome|reviewandearn|likeandgetpaid|payperlike|clicktask|paysurvey|dmforinfo|linkinbio|telegramlink|whatsappme|100aday|500aweek|5kmonth)\b,regex_patterns,70
3llzye3uhr32i,"linktr.ee/xpugur
linktr.ee/xpugur
linktr.ee/xpugur...",xpugur.bsky.social,not_scam,not_scam,0.0,True,Matched patterns: hashtags: #(?:earnmoneyonline|earnfromhome|quickcash|easymoney|fastcash|getpaid|paidinstantly|passiveincome|reviewandearn|likeandgetpaid|payperlike|clicktask|paysurvey|dmforinfo|linkinbio|telegramlink|whatsappme|100aday|500aweek|5kmonth)\b,regex_patterns,60
3llythso2ms2c,"""Just made $15 in 1 day from my phone using this a...",maniruddin.bsky.social,scam,not_scam,0.0,False,No suspicious patterns detected,regex_patterns,95
3llxdtjcgmy22,Shelf Navigator: The App That Turns Shopping Into ...,stankad.bsky.social,not_scam,not_scam,0.0,True,No suspicious patterns detected,regex_patterns,85
3lmizvtvnds2f,"bsky.app/profile/kayr...

#FreeStuff #EasyMoney #S...",kayracingstars.bsky.social,scam,not_scam,0.0,False,Matched patterns: hashtags: #(?:earnmoneyonline|earnfromhome|quickcash|easymoney|fastcash|getpaid|paidinstantly|passiveincome|reviewandearn|likeandgetpaid|payperlike|clicktask|paysurvey|dmforinfo|linkinbio|telegramlink|whatsappme|100aday|500aweek|5kmonth)\b,regex_patterns,85
3lmhkvifnos2u,"And all them fat cats, they just think itâ€™s funny....",macreenadoyle.bsky.social,not_scam,not_scam,0.0,True,Matched patterns: hashtags: #(?:earnmoneyonline|earnfromhome|quickcash|easymoney|fastcash|getpaid|paidinstantly|passiveincome|reviewandearn|likeandgetpaid|payperlike|clicktask|paysurvey|dmforinfo|linkinbio|telegramlink|whatsappme|100aday|500aweek|5kmonth)\b,regex_patterns,70
3lmazw6dzic2f,"Woot just redeemed another Amazon gift card!  

Wh...",thecosmicwizard.bsky.social,scam,not_scam,0.0,False,Matched patterns: hashtags: #(?:earnmoneyonline|earnfromhome|quickcash|easymoney|fastcash|getpaid|paidinstantly|passiveincome|reviewandearn|likeandgetpaid|payperlike|clicktask|paysurvey|dmforinfo|linkinbio|telegramlink|whatsappme|100aday|500aweek|5kmonth)\b,regex_patterns,85
3lmavodjzqk2f,Free $5 just for opening an account!  Extra $50 fo...,thecosmicwizard.bsky.social,scam,not_scam,0.0,False,Matched patterns: hashtags: #(?:earnmoneyonline|earnfromhome|quickcash|easymoney|fastcash|getpaid|paidinstantly|passiveincome|reviewandearn|likeandgetpaid|payperlike|clicktask|paysurvey|dmforinfo|linkinbio|telegramlink|whatsappme|100aday|500aweek|5kmonth)\b,regex_patterns,85
3lmasin7l3c2f,"Easy ways to earn!  Scan a receipt to earn $20, an...",thecosmicwizard.bsky.social,scam,scam,0.4,True,Contains call-to-action phrases. Matched patterns: hashtags: #(?:earnmoneyonline|earnfromhome|quickcash|easymoney|fastcash|getpaid|paidinstantly|passiveincome|reviewandearn|likeandgetpaid|payperlike|clicktask|paysurvey|dmforinfo|linkinbio|telegramlink|whatsappme|100aday|500aweek|5kmonth)\b,regex_patterns,90
3lm6lfuk3rc2e,Who want's INSTANT CASHOUT!?!?!  $15 per referral!...,thecosmicwizard.bsky.social,scam,scam,0.7,True,"Contains suspicious earnings claims. Matched patterns: no_barrier: easy money, hashtags: #(?:earnmoneyonline|earnfromhome|quickcash|easymoney|fastcash|getpaid|paidinstantly|passiveincome|reviewandearn|likeandgetpaid|payperlike|clicktask|paysurvey|dmforinfo|linkinbio|telegramlink|whatsappme|100aday|500aweek|5kmonth)\b",regex_patterns,95
3lct56qtclk2n,"Making my own money
How to earn incredible amounts...",shortellis.bsky.social,scam,not_scam,0.0,False,Matched patterns: hashtags: #(?:earnmoneyonline|earnfromhome|quickcash|easymoney|fastcash|getpaid|paidinstantly|passiveincome|reviewandearn|likeandgetpaid|payperlike|clicktask|paysurvey|dmforinfo|linkinbio|telegramlink|whatsappme|100aday|500aweek|5kmonth)\b,regex_patterns,85
3lcgpallvas26,Got myself a new trophyðŸ†! DEEP POCKETS ðŸ’°. Check ou...,marishh.bsky.social,not_scam,not_scam,0.0,True,Matched patterns: hashtags: #(?:earnmoneyonline|earnfromhome|quickcash|easymoney|fastcash|getpaid|paidinstantly|passiveincome|reviewandearn|likeandgetpaid|payperlike|clicktask|paysurvey|dmforinfo|linkinbio|telegramlink|whatsappme|100aday|500aweek|5kmonth)\b,regex_patterns,80
3lc46maaazk22,Check out my second stream ðŸ˜ƒðŸ”¥â¤ï¸! Still figuring ou...,marishh.bsky.social,not_scam,not_scam,0.0,True,Matched patterns: hashtags: #(?:earnmoneyonline|earnfromhome|quickcash|easymoney|fastcash|getpaid|paidinstantly|passiveincome|reviewandearn|likeandgetpaid|payperlike|clicktask|paysurvey|dmforinfo|linkinbio|telegramlink|whatsappme|100aday|500aweek|5kmonth)\b,regex_patterns,85
3lbxmtfmync25,"My first stream test on Twitch, go check it out ðŸ˜ƒ!...",marishh.bsky.social,not_scam,not_scam,0.0,True,Matched patterns: hashtags: #(?:earnmoneyonline|earnfromhome|quickcash|easymoney|fastcash|getpaid|paidinstantly|passiveincome|reviewandearn|likeandgetpaid|payperlike|clicktask|paysurvey|dmforinfo|linkinbio|telegramlink|whatsappme|100aday|500aweek|5kmonth)\b,regex_patterns,80
3lmkwkiqcbk27,"Good afternoon, ya'll! Ill be streaming Friday nig...",zakereus.bsky.social,not_scam,not_scam,0.0,True,No suspicious patterns detected,regex_patterns,90
3lm4v2bo5tk2e,"I exceeded my season goal of top 10,000 in quickca...",zakereus.bsky.social,not_scam,not_scam,0.0,True,No suspicious patterns detected,regex_patterns,90
3lnu4j5rruk2y,"ðŸŽ‰ It's Instant Week on #YOLO247! ðŸŽ®âœ¨

Time to dive ...",yolo247officialin.bsky.social,scam,not_scam,0.0,False,Matched patterns: hashtags: #(?:earnmoneyonline|earnfromhome|quickcash|easymoney|fastcash|getpaid|paidinstantly|passiveincome|reviewandearn|likeandgetpaid|payperlike|clicktask|paysurvey|dmforinfo|linkinbio|telegramlink|whatsappme|100aday|500aweek|5kmonth)\b,regex_patterns,85
3lno5ww2hvz2v,ðŸ˜‚ You can STILL get 10/1 odds on the #Reform fella...,darrenfower.bsky.social,not_scam,not_scam,0.0,True,Matched patterns: hashtags: #(?:earnmoneyonline|earnfromhome|quickcash|easymoney|fastcash|getpaid|paidinstantly|passiveincome|reviewandearn|likeandgetpaid|payperlike|clicktask|paysurvey|dmforinfo|linkinbio|telegramlink|whatsappme|100aday|500aweek|5kmonth)\b,regex_patterns,80
3lnnf3tqfhs2k,#Pope #CatholicChurch #PopeFrancis #StPetersBasili...,darrenfower.bsky.social,not_scam,not_scam,0.0,True,Matched patterns: hashtags: #(?:earnmoneyonline|earnfromhome|quickcash|easymoney|fastcash|getpaid|paidinstantly|passiveincome|reviewandearn|likeandgetpaid|payperlike|clicktask|paysurvey|dmforinfo|linkinbio|telegramlink|whatsappme|100aday|500aweek|5kmonth)\b,regex_patterns,80
3lniwlzqydz2h,"Discreet, safe, and profitable! Xniffy lets you se...",xniffy.bsky.social,not_scam,not_scam,0.0,True,Matched patterns: hashtags: #(?:earnmoneyonline|earnfromhome|quickcash|easymoney|fastcash|getpaid|paidinstantly|passiveincome|reviewandearn|likeandgetpaid|payperlike|clicktask|paysurvey|dmforinfo|linkinbio|telegramlink|whatsappme|100aday|500aweek|5kmonth)\b,regex_patterns,70
3lnd4m753kl2m,Got well-loved underwear or socks? Buyers are wait...,xniffy.bsky.social,not_scam,not_scam,0.0,True,Matched patterns: hashtags: #(?:earnmoneyonline|earnfromhome|quickcash|easymoney|fastcash|getpaid|paidinstantly|passiveincome|reviewandearn|likeandgetpaid|payperlike|clicktask|paysurvey|dmforinfo|linkinbio|telegramlink|whatsappme|100aday|500aweek|5kmonth)\b,regex_patterns,70
3ln6zdhv5d222,I made residual income this week while binge-watch...,earningmoneyonline.bsky.social,scam,not_scam,0.0,False,Matched patterns: hashtags: #(?:earnmoneyonline|earnfromhome|quickcash|easymoney|fastcash|getpaid|paidinstantly|passiveincome|reviewandearn|likeandgetpaid|payperlike|clicktask|paysurvey|dmforinfo|linkinbio|telegramlink|whatsappme|100aday|500aweek|5kmonth)\b,regex_patterns,90
3ln5yrwkg2s2m,"@trouw.nl 
#easymoney #krentenuitdepap #nietlullen...",florina60.bsky.social,not_scam,not_scam,0.0,True,Matched patterns: hashtags: #(?:earnmoneyonline|earnfromhome|quickcash|easymoney|fastcash|getpaid|paidinstantly|passiveincome|reviewandearn|likeandgetpaid|payperlike|clicktask|paysurvey|dmforinfo|linkinbio|telegramlink|whatsappme|100aday|500aweek|5kmonth)\b,regex_patterns,70
3ln3suojomk2d,If itâ€™s been months (or years) since you used that...,cash-for-that.bsky.social,not_scam,not_scam,0.0,True,Matched patterns: hashtags: #(?:earnmoneyonline|earnfromhome|quickcash|easymoney|fastcash|getpaid|paidinstantly|passiveincome|reviewandearn|likeandgetpaid|payperlike|clicktask|paysurvey|dmforinfo|linkinbio|telegramlink|whatsappme|100aday|500aweek|5kmonth)\b,regex_patterns,90
3lmzzoai36r2q,Do you want to work from home without investing an...,owmodel.bsky.social,scam,scam,0.4,True,Contains call-to-action phrases. Matched patterns: hashtags: #(?:earnmoneyonline|earnfromhome|quickcash|easymoney|fastcash|getpaid|paidinstantly|passiveincome|reviewandearn|likeandgetpaid|payperlike|clicktask|paysurvey|dmforinfo|linkinbio|telegramlink|whatsappme|100aday|500aweek|5kmonth)\b,regex_patterns,85
3lmzxpbvdwc2d,"This promo is back until after 4/30!    Earn $25, ...",thecosmicwizard.bsky.social,scam,scam,0.9,True,"Contains suspicious earnings claims. Contains call-to-action phrases. Matched patterns: no_barrier: easy money, hashtags: #(?:earnmoneyonline|earnfromhome|quickcash|easymoney|fastcash|getpaid|paidinstantly|passiveincome|reviewandearn|likeandgetpaid|payperlike|clicktask|paysurvey|dmforinfo|linkinbio|telegramlink|whatsappme|100aday|500aweek|5kmonth)\b",regex_patterns,90
3lmz2ybbuv227,Download the Prime Opinion app and redeem the code...,marcelloofficial.bsky.social,not_scam,not_scam,0.0,True,Matched patterns: hashtags: #(?:earnmoneyonline|earnfromhome|quickcash|easymoney|fastcash|getpaid|paidinstantly|passiveincome|reviewandearn|likeandgetpaid|payperlike|clicktask|paysurvey|dmforinfo|linkinbio|telegramlink|whatsappme|100aday|500aweek|5kmonth)\b,regex_patterns,70
3lmxjzlpsfg2g,"Underwear + Xniffy = Profit. ðŸ©²ðŸ’¸
Thatâ€™s the math. L...",xniffy.bsky.social,scam,not_scam,0.0,False,Matched patterns: hashtags: #(?:earnmoneyonline|earnfromhome|quickcash|easymoney|fastcash|getpaid|paidinstantly|passiveincome|reviewandearn|likeandgetpaid|payperlike|clicktask|paysurvey|dmforinfo|linkinbio|telegramlink|whatsappme|100aday|500aweek|5kmonth)\b,regex_patterns,85
3lmltu3dq722l,Just got to work. Weâ€™re running canola instead of ...,spartanrob75.bsky.social,not_scam,not_scam,0.0,True,Matched patterns: hashtags: #(?:earnmoneyonline|earnfromhome|quickcash|easymoney|fastcash|getpaid|paidinstantly|passiveincome|reviewandearn|likeandgetpaid|payperlike|clicktask|paysurvey|dmforinfo|linkinbio|telegramlink|whatsappme|100aday|500aweek|5kmonth)\b,regex_patterns,90
3lmj6ew24xs2o,Free $5 just for opening an account!  Extra $50 fo...,thecosmicwizard.bsky.social,not_scam,not_scam,0.0,True,Matched patterns: hashtags: #(?:earnmoneyonline|earnfromhome|quickcash|easymoney|fastcash|getpaid|paidinstantly|passiveincome|reviewandearn|likeandgetpaid|payperlike|clicktask|paysurvey|dmforinfo|linkinbio|telegramlink|whatsappme|100aday|500aweek|5kmonth)\b,regex_patterns,70
